[2025-12-07 10:28:28] production.ERROR: file_get_contents(/Users/zeeshan/Herd/Companies/TSH/personal-assistant/backend/.env): Failed to open stream: No such file or directory {"exception":"[object] (ErrorException(code: 0): file_get_contents(/Users/zeeshan/Herd/Companies/TSH/personal-assistant/backend/.env): Failed to open stream: No such file or directory at /Users/zeeshan/Herd/Companies/TSH/personal-assistant/backend/vendor/laravel/framework/src/Illuminate/Foundation/Console/KeyGenerateCommand.php:100)
[stacktrace]
#0 /Users/zeeshan/Herd/Companies/TSH/personal-assistant/backend/vendor/laravel/framework/src/Illuminate/Foundation/Bootstrap/HandleExceptions.php(258): Illuminate\\Foundation\\Bootstrap\\HandleExceptions->handleError(2, 'file_get_conten...', '/Users/zeeshan/...', 100)
#1 [internal function]: Illuminate\\Foundation\\Bootstrap\\HandleExceptions->Illuminate\\Foundation\\Bootstrap\\{closure}(2, 'file_get_conten...', '/Users/zeeshan/...', 100)
#2 /Users/zeeshan/Herd/Companies/TSH/personal-assistant/backend/vendor/laravel/framework/src/Illuminate/Foundation/Console/KeyGenerateCommand.php(100): file_get_contents('/Users/zeeshan/...')
#3 /Users/zeeshan/Herd/Companies/TSH/personal-assistant/backend/vendor/laravel/framework/src/Illuminate/Foundation/Console/KeyGenerateCommand.php(82): Illuminate\\Foundation\\Console\\KeyGenerateCommand->writeNewEnvironmentFileWith('base64:wZFc9OCV...')
#4 /Users/zeeshan/Herd/Companies/TSH/personal-assistant/backend/vendor/laravel/framework/src/Illuminate/Foundation/Console/KeyGenerateCommand.php(47): Illuminate\\Foundation\\Console\\KeyGenerateCommand->setKeyInEnvironmentFile('base64:wZFc9OCV...')
#5 /Users/zeeshan/Herd/Companies/TSH/personal-assistant/backend/vendor/laravel/framework/src/Illuminate/Container/BoundMethod.php(36): Illuminate\\Foundation\\Console\\KeyGenerateCommand->handle()
#6 /Users/zeeshan/Herd/Companies/TSH/personal-assistant/backend/vendor/laravel/framework/src/Illuminate/Container/Util.php(43): Illuminate\\Container\\BoundMethod::Illuminate\\Container\\{closure}()
#7 /Users/zeeshan/Herd/Companies/TSH/personal-assistant/backend/vendor/laravel/framework/src/Illuminate/Container/BoundMethod.php(95): Illuminate\\Container\\Util::unwrapIfClosure(Object(Closure))
#8 /Users/zeeshan/Herd/Companies/TSH/personal-assistant/backend/vendor/laravel/framework/src/Illuminate/Container/BoundMethod.php(35): Illuminate\\Container\\BoundMethod::callBoundMethod(Object(Illuminate\\Foundation\\Application), Array, Object(Closure))
#9 /Users/zeeshan/Herd/Companies/TSH/personal-assistant/backend/vendor/laravel/framework/src/Illuminate/Container/Container.php(696): Illuminate\\Container\\BoundMethod::call(Object(Illuminate\\Foundation\\Application), Array, Array, NULL)
#10 /Users/zeeshan/Herd/Companies/TSH/personal-assistant/backend/vendor/laravel/framework/src/Illuminate/Console/Command.php(213): Illuminate\\Container\\Container->call(Array)
#11 /Users/zeeshan/Herd/Companies/TSH/personal-assistant/backend/vendor/symfony/console/Command/Command.php(335): Illuminate\\Console\\Command->execute(Object(Symfony\\Component\\Console\\Input\\ArgvInput), Object(Illuminate\\Console\\OutputStyle))
#12 /Users/zeeshan/Herd/Companies/TSH/personal-assistant/backend/vendor/laravel/framework/src/Illuminate/Console/Command.php(182): Symfony\\Component\\Console\\Command\\Command->run(Object(Symfony\\Component\\Console\\Input\\ArgvInput), Object(Illuminate\\Console\\OutputStyle))
#13 /Users/zeeshan/Herd/Companies/TSH/personal-assistant/backend/vendor/symfony/console/Application.php(1103): Illuminate\\Console\\Command->run(Object(Symfony\\Component\\Console\\Input\\ArgvInput), Object(Symfony\\Component\\Console\\Output\\ConsoleOutput))
#14 /Users/zeeshan/Herd/Companies/TSH/personal-assistant/backend/vendor/symfony/console/Application.php(356): Symfony\\Component\\Console\\Application->doRunCommand(Object(Illuminate\\Foundation\\Console\\KeyGenerateCommand), Object(Symfony\\Component\\Console\\Input\\ArgvInput), Object(Symfony\\Component\\Console\\Output\\ConsoleOutput))
#15 /Users/zeeshan/Herd/Companies/TSH/personal-assistant/backend/vendor/symfony/console/Application.php(195): Symfony\\Component\\Console\\Application->doRun(Object(Symfony\\Component\\Console\\Input\\ArgvInput), Object(Symfony\\Component\\Console\\Output\\ConsoleOutput))
#16 /Users/zeeshan/Herd/Companies/TSH/personal-assistant/backend/vendor/laravel/framework/src/Illuminate/Foundation/Console/Kernel.php(198): Symfony\\Component\\Console\\Application->run(Object(Symfony\\Component\\Console\\Input\\ArgvInput), Object(Symfony\\Component\\Console\\Output\\ConsoleOutput))
#17 /Users/zeeshan/Herd/Companies/TSH/personal-assistant/backend/artisan(12): Illuminate\\Foundation\\Console\\Kernel->handle(Object(Symfony\\Component\\Console\\Input\\ArgvInput), Object(Symfony\\Component\\Console\\Output\\ConsoleOutput))
#18 {main}
"} 
[2025-12-07 10:29:49] production.ERROR: file_get_contents(/Users/zeeshan/Herd/Companies/TSH/personal-assistant/backend/.env): Failed to open stream: No such file or directory {"exception":"[object] (ErrorException(code: 0): file_get_contents(/Users/zeeshan/Herd/Companies/TSH/personal-assistant/backend/.env): Failed to open stream: No such file or directory at /Users/zeeshan/Herd/Companies/TSH/personal-assistant/backend/vendor/laravel/framework/src/Illuminate/Foundation/Console/KeyGenerateCommand.php:100)
[stacktrace]
#0 /Users/zeeshan/Herd/Companies/TSH/personal-assistant/backend/vendor/laravel/framework/src/Illuminate/Foundation/Bootstrap/HandleExceptions.php(258): Illuminate\\Foundation\\Bootstrap\\HandleExceptions->handleError(2, 'file_get_conten...', '/Users/zeeshan/...', 100)
#1 [internal function]: Illuminate\\Foundation\\Bootstrap\\HandleExceptions->Illuminate\\Foundation\\Bootstrap\\{closure}(2, 'file_get_conten...', '/Users/zeeshan/...', 100)
#2 /Users/zeeshan/Herd/Companies/TSH/personal-assistant/backend/vendor/laravel/framework/src/Illuminate/Foundation/Console/KeyGenerateCommand.php(100): file_get_contents('/Users/zeeshan/...')
#3 /Users/zeeshan/Herd/Companies/TSH/personal-assistant/backend/vendor/laravel/framework/src/Illuminate/Foundation/Console/KeyGenerateCommand.php(82): Illuminate\\Foundation\\Console\\KeyGenerateCommand->writeNewEnvironmentFileWith('base64:Q3+kAxY2...')
#4 /Users/zeeshan/Herd/Companies/TSH/personal-assistant/backend/vendor/laravel/framework/src/Illuminate/Foundation/Console/KeyGenerateCommand.php(47): Illuminate\\Foundation\\Console\\KeyGenerateCommand->setKeyInEnvironmentFile('base64:Q3+kAxY2...')
#5 /Users/zeeshan/Herd/Companies/TSH/personal-assistant/backend/vendor/laravel/framework/src/Illuminate/Container/BoundMethod.php(36): Illuminate\\Foundation\\Console\\KeyGenerateCommand->handle()
#6 /Users/zeeshan/Herd/Companies/TSH/personal-assistant/backend/vendor/laravel/framework/src/Illuminate/Container/Util.php(43): Illuminate\\Container\\BoundMethod::Illuminate\\Container\\{closure}()
#7 /Users/zeeshan/Herd/Companies/TSH/personal-assistant/backend/vendor/laravel/framework/src/Illuminate/Container/BoundMethod.php(95): Illuminate\\Container\\Util::unwrapIfClosure(Object(Closure))
#8 /Users/zeeshan/Herd/Companies/TSH/personal-assistant/backend/vendor/laravel/framework/src/Illuminate/Container/BoundMethod.php(35): Illuminate\\Container\\BoundMethod::callBoundMethod(Object(Illuminate\\Foundation\\Application), Array, Object(Closure))
#9 /Users/zeeshan/Herd/Companies/TSH/personal-assistant/backend/vendor/laravel/framework/src/Illuminate/Container/Container.php(696): Illuminate\\Container\\BoundMethod::call(Object(Illuminate\\Foundation\\Application), Array, Array, NULL)
#10 /Users/zeeshan/Herd/Companies/TSH/personal-assistant/backend/vendor/laravel/framework/src/Illuminate/Console/Command.php(213): Illuminate\\Container\\Container->call(Array)
#11 /Users/zeeshan/Herd/Companies/TSH/personal-assistant/backend/vendor/symfony/console/Command/Command.php(335): Illuminate\\Console\\Command->execute(Object(Symfony\\Component\\Console\\Input\\ArgvInput), Object(Illuminate\\Console\\OutputStyle))
#12 /Users/zeeshan/Herd/Companies/TSH/personal-assistant/backend/vendor/laravel/framework/src/Illuminate/Console/Command.php(182): Symfony\\Component\\Console\\Command\\Command->run(Object(Symfony\\Component\\Console\\Input\\ArgvInput), Object(Illuminate\\Console\\OutputStyle))
#13 /Users/zeeshan/Herd/Companies/TSH/personal-assistant/backend/vendor/symfony/console/Application.php(1103): Illuminate\\Console\\Command->run(Object(Symfony\\Component\\Console\\Input\\ArgvInput), Object(Symfony\\Component\\Console\\Output\\ConsoleOutput))
#14 /Users/zeeshan/Herd/Companies/TSH/personal-assistant/backend/vendor/symfony/console/Application.php(356): Symfony\\Component\\Console\\Application->doRunCommand(Object(Illuminate\\Foundation\\Console\\KeyGenerateCommand), Object(Symfony\\Component\\Console\\Input\\ArgvInput), Object(Symfony\\Component\\Console\\Output\\ConsoleOutput))
#15 /Users/zeeshan/Herd/Companies/TSH/personal-assistant/backend/vendor/symfony/console/Application.php(195): Symfony\\Component\\Console\\Application->doRun(Object(Symfony\\Component\\Console\\Input\\ArgvInput), Object(Symfony\\Component\\Console\\Output\\ConsoleOutput))
#16 /Users/zeeshan/Herd/Companies/TSH/personal-assistant/backend/vendor/laravel/framework/src/Illuminate/Foundation/Console/Kernel.php(198): Symfony\\Component\\Console\\Application->run(Object(Symfony\\Component\\Console\\Input\\ArgvInput), Object(Symfony\\Component\\Console\\Output\\ConsoleOutput))
#17 /Users/zeeshan/Herd/Companies/TSH/personal-assistant/backend/artisan(12): Illuminate\\Foundation\\Console\\Kernel->handle(Object(Symfony\\Component\\Console\\Input\\ArgvInput), Object(Symfony\\Component\\Console\\Output\\ConsoleOutput))
#18 {main}
"} 
[2025-12-07 10:31:44] local.ERROR: Vite manifest not found at: /Users/zeeshan/Herd/Companies/TSH/personal-assistant/backend/public/build/manifest.json (View: /Users/zeeshan/Herd/Companies/TSH/personal-assistant/backend/resources/views/app.blade.php) {"exception":"[object] (Illuminate\\View\\ViewException(code: 0): Vite manifest not found at: /Users/zeeshan/Herd/Companies/TSH/personal-assistant/backend/public/build/manifest.json (View: /Users/zeeshan/Herd/Companies/TSH/personal-assistant/backend/resources/views/app.blade.php) at /Users/zeeshan/Herd/Companies/TSH/personal-assistant/backend/vendor/laravel/framework/src/Illuminate/Foundation/Vite.php:934)
[stacktrace]
#0 /Users/zeeshan/Herd/Companies/TSH/personal-assistant/backend/vendor/laravel/framework/src/Illuminate/View/Engines/PhpEngine.php(60): Illuminate\\View\\Engines\\CompilerEngine->handleViewException(Object(Illuminate\\Foundation\\ViteManifestNotFoundException), 1)
#1 /Users/zeeshan/Herd/Companies/TSH/personal-assistant/backend/vendor/laravel/framework/src/Illuminate/View/Engines/CompilerEngine.php(75): Illuminate\\View\\Engines\\PhpEngine->evaluatePath('/Users/zeeshan/...', Array)
#2 /Users/zeeshan/Herd/Companies/TSH/personal-assistant/backend/vendor/laravel/framework/src/Illuminate/View/View.php(209): Illuminate\\View\\Engines\\CompilerEngine->get('/Users/zeeshan/...', Array)
#3 /Users/zeeshan/Herd/Companies/TSH/personal-assistant/backend/vendor/laravel/framework/src/Illuminate/View/View.php(192): Illuminate\\View\\View->getContents()
#4 /Users/zeeshan/Herd/Companies/TSH/personal-assistant/backend/vendor/laravel/framework/src/Illuminate/View/View.php(161): Illuminate\\View\\View->renderContents()
#5 /Users/zeeshan/Herd/Companies/TSH/personal-assistant/backend/vendor/laravel/framework/src/Illuminate/Http/Response.php(79): Illuminate\\View\\View->render()
#6 /Users/zeeshan/Herd/Companies/TSH/personal-assistant/backend/vendor/laravel/framework/src/Illuminate/Http/Response.php(35): Illuminate\\Http\\Response->setContent(Object(Illuminate\\View\\View))
#7 /Users/zeeshan/Herd/Companies/TSH/personal-assistant/backend/vendor/laravel/framework/src/Illuminate/Routing/Router.php(920): Illuminate\\Http\\Response->__construct(Object(Illuminate\\View\\View), 200, Array)
#8 /Users/zeeshan/Herd/Companies/TSH/personal-assistant/backend/vendor/laravel/framework/src/Illuminate/Routing/Router.php(887): Illuminate\\Routing\\Router::toResponse(Object(Illuminate\\Http\\Request), Object(Illuminate\\View\\View))
#9 /Users/zeeshan/Herd/Companies/TSH/personal-assistant/backend/vendor/laravel/framework/src/Illuminate/Routing/Router.php(807): Illuminate\\Routing\\Router->prepareResponse(Object(Illuminate\\Http\\Request), Object(Illuminate\\View\\View))
#10 /Users/zeeshan/Herd/Companies/TSH/personal-assistant/backend/vendor/laravel/framework/src/Illuminate/Pipeline/Pipeline.php(170): Illuminate\\Routing\\Router->Illuminate\\Routing\\{closure}(Object(Illuminate\\Http\\Request))
#11 /Users/zeeshan/Herd/Companies/TSH/personal-assistant/backend/vendor/laravel/framework/src/Illuminate/Routing/Middleware/SubstituteBindings.php(51): Illuminate\\Pipeline\\Pipeline->Illuminate\\Pipeline\\{closure}(Object(Illuminate\\Http\\Request))
#12 /Users/zeeshan/Herd/Companies/TSH/personal-assistant/backend/vendor/laravel/framework/src/Illuminate/Pipeline/Pipeline.php(209): Illuminate\\Routing\\Middleware\\SubstituteBindings->handle(Object(Illuminate\\Http\\Request), Object(Closure))
#13 /Users/zeeshan/Herd/Companies/TSH/personal-assistant/backend/vendor/laravel/framework/src/Illuminate/Foundation/Http/Middleware/VerifyCsrfToken.php(88): Illuminate\\Pipeline\\Pipeline->Illuminate\\Pipeline\\{closure}(Object(Illuminate\\Http\\Request))
#14 /Users/zeeshan/Herd/Companies/TSH/personal-assistant/backend/vendor/laravel/framework/src/Illuminate/Pipeline/Pipeline.php(209): Illuminate\\Foundation\\Http\\Middleware\\VerifyCsrfToken->handle(Object(Illuminate\\Http\\Request), Object(Closure))
#15 /Users/zeeshan/Herd/Companies/TSH/personal-assistant/backend/vendor/laravel/framework/src/Illuminate/View/Middleware/ShareErrorsFromSession.php(49): Illuminate\\Pipeline\\Pipeline->Illuminate\\Pipeline\\{closure}(Object(Illuminate\\Http\\Request))
#16 /Users/zeeshan/Herd/Companies/TSH/personal-assistant/backend/vendor/laravel/framework/src/Illuminate/Pipeline/Pipeline.php(209): Illuminate\\View\\Middleware\\ShareErrorsFromSession->handle(Object(Illuminate\\Http\\Request), Object(Closure))
#17 /Users/zeeshan/Herd/Companies/TSH/personal-assistant/backend/vendor/laravel/framework/src/Illuminate/Session/Middleware/StartSession.php(121): Illuminate\\Pipeline\\Pipeline->Illuminate\\Pipeline\\{closure}(Object(Illuminate\\Http\\Request))
#18 /Users/zeeshan/Herd/Companies/TSH/personal-assistant/backend/vendor/laravel/framework/src/Illuminate/Session/Middleware/StartSession.php(64): Illuminate\\Session\\Middleware\\StartSession->handleStatefulRequest(Object(Illuminate\\Http\\Request), Object(Illuminate\\Session\\Store), Object(Closure))
#19 /Users/zeeshan/Herd/Companies/TSH/personal-assistant/backend/vendor/laravel/framework/src/Illuminate/Pipeline/Pipeline.php(209): Illuminate\\Session\\Middleware\\StartSession->handle(Object(Illuminate\\Http\\Request), Object(Closure))
#20 /Users/zeeshan/Herd/Companies/TSH/personal-assistant/backend/vendor/laravel/framework/src/Illuminate/Cookie/Middleware/AddQueuedCookiesToResponse.php(37): Illuminate\\Pipeline\\Pipeline->Illuminate\\Pipeline\\{closure}(Object(Illuminate\\Http\\Request))
#21 /Users/zeeshan/Herd/Companies/TSH/personal-assistant/backend/vendor/laravel/framework/src/Illuminate/Pipeline/Pipeline.php(209): Illuminate\\Cookie\\Middleware\\AddQueuedCookiesToResponse->handle(Object(Illuminate\\Http\\Request), Object(Closure))
#22 /Users/zeeshan/Herd/Companies/TSH/personal-assistant/backend/vendor/laravel/framework/src/Illuminate/Cookie/Middleware/EncryptCookies.php(75): Illuminate\\Pipeline\\Pipeline->Illuminate\\Pipeline\\{closure}(Object(Illuminate\\Http\\Request))
#23 /Users/zeeshan/Herd/Companies/TSH/personal-assistant/backend/vendor/laravel/framework/src/Illuminate/Pipeline/Pipeline.php(209): Illuminate\\Cookie\\Middleware\\EncryptCookies->handle(Object(Illuminate\\Http\\Request), Object(Closure))
#24 /Users/zeeshan/Herd/Companies/TSH/personal-assistant/backend/vendor/laravel/framework/src/Illuminate/Pipeline/Pipeline.php(127): Illuminate\\Pipeline\\Pipeline->Illuminate\\Pipeline\\{closure}(Object(Illuminate\\Http\\Request))
#25 /Users/zeeshan/Herd/Companies/TSH/personal-assistant/backend/vendor/laravel/framework/src/Illuminate/Routing/Router.php(807): Illuminate\\Pipeline\\Pipeline->then(Object(Closure))
#26 /Users/zeeshan/Herd/Companies/TSH/personal-assistant/backend/vendor/laravel/framework/src/Illuminate/Routing/Router.php(786): Illuminate\\Routing\\Router->runRouteWithinStack(Object(Illuminate\\Routing\\Route), Object(Illuminate\\Http\\Request))
#27 /Users/zeeshan/Herd/Companies/TSH/personal-assistant/backend/vendor/laravel/framework/src/Illuminate/Routing/Router.php(750): Illuminate\\Routing\\Router->runRoute(Object(Illuminate\\Http\\Request), Object(Illuminate\\Routing\\Route))
#28 /Users/zeeshan/Herd/Companies/TSH/personal-assistant/backend/vendor/laravel/framework/src/Illuminate/Routing/Router.php(739): Illuminate\\Routing\\Router->dispatchToRoute(Object(Illuminate\\Http\\Request))
#29 /Users/zeeshan/Herd/Companies/TSH/personal-assistant/backend/vendor/laravel/framework/src/Illuminate/Foundation/Http/Kernel.php(201): Illuminate\\Routing\\Router->dispatch(Object(Illuminate\\Http\\Request))
#30 /Users/zeeshan/Herd/Companies/TSH/personal-assistant/backend/vendor/laravel/framework/src/Illuminate/Pipeline/Pipeline.php(170): Illuminate\\Foundation\\Http\\Kernel->Illuminate\\Foundation\\Http\\{closure}(Object(Illuminate\\Http\\Request))
#31 /Users/zeeshan/Herd/Companies/TSH/personal-assistant/backend/vendor/laravel/framework/src/Illuminate/Foundation/Http/Middleware/TransformsRequest.php(21): Illuminate\\Pipeline\\Pipeline->Illuminate\\Pipeline\\{closure}(Object(Illuminate\\Http\\Request))
#32 /Users/zeeshan/Herd/Companies/TSH/personal-assistant/backend/vendor/laravel/framework/src/Illuminate/Foundation/Http/Middleware/ConvertEmptyStringsToNull.php(31): Illuminate\\Foundation\\Http\\Middleware\\TransformsRequest->handle(Object(Illuminate\\Http\\Request), Object(Closure))
#33 /Users/zeeshan/Herd/Companies/TSH/personal-assistant/backend/vendor/laravel/framework/src/Illuminate/Pipeline/Pipeline.php(209): Illuminate\\Foundation\\Http\\Middleware\\ConvertEmptyStringsToNull->handle(Object(Illuminate\\Http\\Request), Object(Closure))
#34 /Users/zeeshan/Herd/Companies/TSH/personal-assistant/backend/vendor/laravel/framework/src/Illuminate/Foundation/Http/Middleware/TransformsRequest.php(21): Illuminate\\Pipeline\\Pipeline->Illuminate\\Pipeline\\{closure}(Object(Illuminate\\Http\\Request))
#35 /Users/zeeshan/Herd/Companies/TSH/personal-assistant/backend/vendor/laravel/framework/src/Illuminate/Foundation/Http/Middleware/TrimStrings.php(51): Illuminate\\Foundation\\Http\\Middleware\\TransformsRequest->handle(Object(Illuminate\\Http\\Request), Object(Closure))
#36 /Users/zeeshan/Herd/Companies/TSH/personal-assistant/backend/vendor/laravel/framework/src/Illuminate/Pipeline/Pipeline.php(209): Illuminate\\Foundation\\Http\\Middleware\\TrimStrings->handle(Object(Illuminate\\Http\\Request), Object(Closure))
#37 /Users/zeeshan/Herd/Companies/TSH/personal-assistant/backend/vendor/laravel/framework/src/Illuminate/Http/Middleware/ValidatePostSize.php(27): Illuminate\\Pipeline\\Pipeline->Illuminate\\Pipeline\\{closure}(Object(Illuminate\\Http\\Request))
#38 /Users/zeeshan/Herd/Companies/TSH/personal-assistant/backend/vendor/laravel/framework/src/Illuminate/Pipeline/Pipeline.php(209): Illuminate\\Http\\Middleware\\ValidatePostSize->handle(Object(Illuminate\\Http\\Request), Object(Closure))
#39 /Users/zeeshan/Herd/Companies/TSH/personal-assistant/backend/vendor/laravel/framework/src/Illuminate/Foundation/Http/Middleware/PreventRequestsDuringMaintenance.php(110): Illuminate\\Pipeline\\Pipeline->Illuminate\\Pipeline\\{closure}(Object(Illuminate\\Http\\Request))
#40 /Users/zeeshan/Herd/Companies/TSH/personal-assistant/backend/vendor/laravel/framework/src/Illuminate/Pipeline/Pipeline.php(209): Illuminate\\Foundation\\Http\\Middleware\\PreventRequestsDuringMaintenance->handle(Object(Illuminate\\Http\\Request), Object(Closure))
#41 /Users/zeeshan/Herd/Companies/TSH/personal-assistant/backend/vendor/laravel/framework/src/Illuminate/Http/Middleware/HandleCors.php(49): Illuminate\\Pipeline\\Pipeline->Illuminate\\Pipeline\\{closure}(Object(Illuminate\\Http\\Request))
#42 /Users/zeeshan/Herd/Companies/TSH/personal-assistant/backend/vendor/laravel/framework/src/Illuminate/Pipeline/Pipeline.php(209): Illuminate\\Http\\Middleware\\HandleCors->handle(Object(Illuminate\\Http\\Request), Object(Closure))
#43 /Users/zeeshan/Herd/Companies/TSH/personal-assistant/backend/vendor/laravel/framework/src/Illuminate/Http/Middleware/TrustProxies.php(58): Illuminate\\Pipeline\\Pipeline->Illuminate\\Pipeline\\{closure}(Object(Illuminate\\Http\\Request))
#44 /Users/zeeshan/Herd/Companies/TSH/personal-assistant/backend/vendor/laravel/framework/src/Illuminate/Pipeline/Pipeline.php(209): Illuminate\\Http\\Middleware\\TrustProxies->handle(Object(Illuminate\\Http\\Request), Object(Closure))
#45 /Users/zeeshan/Herd/Companies/TSH/personal-assistant/backend/vendor/laravel/framework/src/Illuminate/Foundation/Http/Middleware/InvokeDeferredCallbacks.php(22): Illuminate\\Pipeline\\Pipeline->Illuminate\\Pipeline\\{closure}(Object(Illuminate\\Http\\Request))
#46 /Users/zeeshan/Herd/Companies/TSH/personal-assistant/backend/vendor/laravel/framework/src/Illuminate/Pipeline/Pipeline.php(209): Illuminate\\Foundation\\Http\\Middleware\\InvokeDeferredCallbacks->handle(Object(Illuminate\\Http\\Request), Object(Closure))
#47 /Users/zeeshan/Herd/Companies/TSH/personal-assistant/backend/vendor/laravel/framework/src/Illuminate/Pipeline/Pipeline.php(127): Illuminate\\Pipeline\\Pipeline->Illuminate\\Pipeline\\{closure}(Object(Illuminate\\Http\\Request))
#48 /Users/zeeshan/Herd/Companies/TSH/personal-assistant/backend/vendor/laravel/framework/src/Illuminate/Foundation/Http/Kernel.php(176): Illuminate\\Pipeline\\Pipeline->then(Object(Closure))
#49 /Users/zeeshan/Herd/Companies/TSH/personal-assistant/backend/vendor/laravel/framework/src/Illuminate/Foundation/Http/Kernel.php(145): Illuminate\\Foundation\\Http\\Kernel->sendRequestThroughRouter(Object(Illuminate\\Http\\Request))
#50 /Users/zeeshan/Herd/Companies/TSH/personal-assistant/backend/public/index.php(17): Illuminate\\Foundation\\Http\\Kernel->handle(Object(Illuminate\\Http\\Request))
#51 /Users/zeeshan/Herd/Companies/TSH/personal-assistant/backend/vendor/laravel/framework/src/Illuminate/Foundation/resources/server.php(23): require_once('/Users/zeeshan/...')
#52 {main}

[previous exception] [object] (Illuminate\\Foundation\\ViteManifestNotFoundException(code: 0): Vite manifest not found at: /Users/zeeshan/Herd/Companies/TSH/personal-assistant/backend/public/build/manifest.json at /Users/zeeshan/Herd/Companies/TSH/personal-assistant/backend/vendor/laravel/framework/src/Illuminate/Foundation/Vite.php:934)
[stacktrace]
#0 /Users/zeeshan/Herd/Companies/TSH/personal-assistant/backend/vendor/laravel/framework/src/Illuminate/Foundation/Vite.php(384): Illuminate\\Foundation\\Vite->manifest('build')
#1 /Users/zeeshan/Herd/Companies/TSH/personal-assistant/backend/storage/framework/views/16511026ff9f57c5a74a16d44bace125.php(7): Illuminate\\Foundation\\Vite->__invoke(Object(Illuminate\\Support\\Collection))
#2 /Users/zeeshan/Herd/Companies/TSH/personal-assistant/backend/vendor/laravel/framework/src/Illuminate/Filesystem/Filesystem.php(123): require('/Users/zeeshan/...')
#3 /Users/zeeshan/Herd/Companies/TSH/personal-assistant/backend/vendor/laravel/framework/src/Illuminate/Filesystem/Filesystem.php(124): Illuminate\\Filesystem\\Filesystem::Illuminate\\Filesystem\\{closure}()
#4 /Users/zeeshan/Herd/Companies/TSH/personal-assistant/backend/vendor/laravel/framework/src/Illuminate/View/Engines/PhpEngine.php(58): Illuminate\\Filesystem\\Filesystem->getRequire('/Users/zeeshan/...', Array)
#5 /Users/zeeshan/Herd/Companies/TSH/personal-assistant/backend/vendor/laravel/framework/src/Illuminate/View/Engines/CompilerEngine.php(75): Illuminate\\View\\Engines\\PhpEngine->evaluatePath('/Users/zeeshan/...', Array)
#6 /Users/zeeshan/Herd/Companies/TSH/personal-assistant/backend/vendor/laravel/framework/src/Illuminate/View/View.php(209): Illuminate\\View\\Engines\\CompilerEngine->get('/Users/zeeshan/...', Array)
#7 /Users/zeeshan/Herd/Companies/TSH/personal-assistant/backend/vendor/laravel/framework/src/Illuminate/View/View.php(192): Illuminate\\View\\View->getContents()
#8 /Users/zeeshan/Herd/Companies/TSH/personal-assistant/backend/vendor/laravel/framework/src/Illuminate/View/View.php(161): Illuminate\\View\\View->renderContents()
#9 /Users/zeeshan/Herd/Companies/TSH/personal-assistant/backend/vendor/laravel/framework/src/Illuminate/Http/Response.php(79): Illuminate\\View\\View->render()
#10 /Users/zeeshan/Herd/Companies/TSH/personal-assistant/backend/vendor/laravel/framework/src/Illuminate/Http/Response.php(35): Illuminate\\Http\\Response->setContent(Object(Illuminate\\View\\View))
#11 /Users/zeeshan/Herd/Companies/TSH/personal-assistant/backend/vendor/laravel/framework/src/Illuminate/Routing/Router.php(920): Illuminate\\Http\\Response->__construct(Object(Illuminate\\View\\View), 200, Array)
#12 /Users/zeeshan/Herd/Companies/TSH/personal-assistant/backend/vendor/laravel/framework/src/Illuminate/Routing/Router.php(887): Illuminate\\Routing\\Router::toResponse(Object(Illuminate\\Http\\Request), Object(Illuminate\\View\\View))
#13 /Users/zeeshan/Herd/Companies/TSH/personal-assistant/backend/vendor/laravel/framework/src/Illuminate/Routing/Router.php(807): Illuminate\\Routing\\Router->prepareResponse(Object(Illuminate\\Http\\Request), Object(Illuminate\\View\\View))
#14 /Users/zeeshan/Herd/Companies/TSH/personal-assistant/backend/vendor/laravel/framework/src/Illuminate/Pipeline/Pipeline.php(170): Illuminate\\Routing\\Router->Illuminate\\Routing\\{closure}(Object(Illuminate\\Http\\Request))
#15 /Users/zeeshan/Herd/Companies/TSH/personal-assistant/backend/vendor/laravel/framework/src/Illuminate/Routing/Middleware/SubstituteBindings.php(51): Illuminate\\Pipeline\\Pipeline->Illuminate\\Pipeline\\{closure}(Object(Illuminate\\Http\\Request))
#16 /Users/zeeshan/Herd/Companies/TSH/personal-assistant/backend/vendor/laravel/framework/src/Illuminate/Pipeline/Pipeline.php(209): Illuminate\\Routing\\Middleware\\SubstituteBindings->handle(Object(Illuminate\\Http\\Request), Object(Closure))
#17 /Users/zeeshan/Herd/Companies/TSH/personal-assistant/backend/vendor/laravel/framework/src/Illuminate/Foundation/Http/Middleware/VerifyCsrfToken.php(88): Illuminate\\Pipeline\\Pipeline->Illuminate\\Pipeline\\{closure}(Object(Illuminate\\Http\\Request))
#18 /Users/zeeshan/Herd/Companies/TSH/personal-assistant/backend/vendor/laravel/framework/src/Illuminate/Pipeline/Pipeline.php(209): Illuminate\\Foundation\\Http\\Middleware\\VerifyCsrfToken->handle(Object(Illuminate\\Http\\Request), Object(Closure))
#19 /Users/zeeshan/Herd/Companies/TSH/personal-assistant/backend/vendor/laravel/framework/src/Illuminate/View/Middleware/ShareErrorsFromSession.php(49): Illuminate\\Pipeline\\Pipeline->Illuminate\\Pipeline\\{closure}(Object(Illuminate\\Http\\Request))
#20 /Users/zeeshan/Herd/Companies/TSH/personal-assistant/backend/vendor/laravel/framework/src/Illuminate/Pipeline/Pipeline.php(209): Illuminate\\View\\Middleware\\ShareErrorsFromSession->handle(Object(Illuminate\\Http\\Request), Object(Closure))
#21 /Users/zeeshan/Herd/Companies/TSH/personal-assistant/backend/vendor/laravel/framework/src/Illuminate/Session/Middleware/StartSession.php(121): Illuminate\\Pipeline\\Pipeline->Illuminate\\Pipeline\\{closure}(Object(Illuminate\\Http\\Request))
#22 /Users/zeeshan/Herd/Companies/TSH/personal-assistant/backend/vendor/laravel/framework/src/Illuminate/Session/Middleware/StartSession.php(64): Illuminate\\Session\\Middleware\\StartSession->handleStatefulRequest(Object(Illuminate\\Http\\Request), Object(Illuminate\\Session\\Store), Object(Closure))
#23 /Users/zeeshan/Herd/Companies/TSH/personal-assistant/backend/vendor/laravel/framework/src/Illuminate/Pipeline/Pipeline.php(209): Illuminate\\Session\\Middleware\\StartSession->handle(Object(Illuminate\\Http\\Request), Object(Closure))
#24 /Users/zeeshan/Herd/Companies/TSH/personal-assistant/backend/vendor/laravel/framework/src/Illuminate/Cookie/Middleware/AddQueuedCookiesToResponse.php(37): Illuminate\\Pipeline\\Pipeline->Illuminate\\Pipeline\\{closure}(Object(Illuminate\\Http\\Request))
#25 /Users/zeeshan/Herd/Companies/TSH/personal-assistant/backend/vendor/laravel/framework/src/Illuminate/Pipeline/Pipeline.php(209): Illuminate\\Cookie\\Middleware\\AddQueuedCookiesToResponse->handle(Object(Illuminate\\Http\\Request), Object(Closure))
#26 /Users/zeeshan/Herd/Companies/TSH/personal-assistant/backend/vendor/laravel/framework/src/Illuminate/Cookie/Middleware/EncryptCookies.php(75): Illuminate\\Pipeline\\Pipeline->Illuminate\\Pipeline\\{closure}(Object(Illuminate\\Http\\Request))
#27 /Users/zeeshan/Herd/Companies/TSH/personal-assistant/backend/vendor/laravel/framework/src/Illuminate/Pipeline/Pipeline.php(209): Illuminate\\Cookie\\Middleware\\EncryptCookies->handle(Object(Illuminate\\Http\\Request), Object(Closure))
#28 /Users/zeeshan/Herd/Companies/TSH/personal-assistant/backend/vendor/laravel/framework/src/Illuminate/Pipeline/Pipeline.php(127): Illuminate\\Pipeline\\Pipeline->Illuminate\\Pipeline\\{closure}(Object(Illuminate\\Http\\Request))
#29 /Users/zeeshan/Herd/Companies/TSH/personal-assistant/backend/vendor/laravel/framework/src/Illuminate/Routing/Router.php(807): Illuminate\\Pipeline\\Pipeline->then(Object(Closure))
#30 /Users/zeeshan/Herd/Companies/TSH/personal-assistant/backend/vendor/laravel/framework/src/Illuminate/Routing/Router.php(786): Illuminate\\Routing\\Router->runRouteWithinStack(Object(Illuminate\\Routing\\Route), Object(Illuminate\\Http\\Request))
#31 /Users/zeeshan/Herd/Companies/TSH/personal-assistant/backend/vendor/laravel/framework/src/Illuminate/Routing/Router.php(750): Illuminate\\Routing\\Router->runRoute(Object(Illuminate\\Http\\Request), Object(Illuminate\\Routing\\Route))
#32 /Users/zeeshan/Herd/Companies/TSH/personal-assistant/backend/vendor/laravel/framework/src/Illuminate/Routing/Router.php(739): Illuminate\\Routing\\Router->dispatchToRoute(Object(Illuminate\\Http\\Request))
#33 /Users/zeeshan/Herd/Companies/TSH/personal-assistant/backend/vendor/laravel/framework/src/Illuminate/Foundation/Http/Kernel.php(201): Illuminate\\Routing\\Router->dispatch(Object(Illuminate\\Http\\Request))
#34 /Users/zeeshan/Herd/Companies/TSH/personal-assistant/backend/vendor/laravel/framework/src/Illuminate/Pipeline/Pipeline.php(170): Illuminate\\Foundation\\Http\\Kernel->Illuminate\\Foundation\\Http\\{closure}(Object(Illuminate\\Http\\Request))
#35 /Users/zeeshan/Herd/Companies/TSH/personal-assistant/backend/vendor/laravel/framework/src/Illuminate/Foundation/Http/Middleware/TransformsRequest.php(21): Illuminate\\Pipeline\\Pipeline->Illuminate\\Pipeline\\{closure}(Object(Illuminate\\Http\\Request))
#36 /Users/zeeshan/Herd/Companies/TSH/personal-assistant/backend/vendor/laravel/framework/src/Illuminate/Foundation/Http/Middleware/ConvertEmptyStringsToNull.php(31): Illuminate\\Foundation\\Http\\Middleware\\TransformsRequest->handle(Object(Illuminate\\Http\\Request), Object(Closure))
#37 /Users/zeeshan/Herd/Companies/TSH/personal-assistant/backend/vendor/laravel/framework/src/Illuminate/Pipeline/Pipeline.php(209): Illuminate\\Foundation\\Http\\Middleware\\ConvertEmptyStringsToNull->handle(Object(Illuminate\\Http\\Request), Object(Closure))
#38 /Users/zeeshan/Herd/Companies/TSH/personal-assistant/backend/vendor/laravel/framework/src/Illuminate/Foundation/Http/Middleware/TransformsRequest.php(21): Illuminate\\Pipeline\\Pipeline->Illuminate\\Pipeline\\{closure}(Object(Illuminate\\Http\\Request))
#39 /Users/zeeshan/Herd/Companies/TSH/personal-assistant/backend/vendor/laravel/framework/src/Illuminate/Foundation/Http/Middleware/TrimStrings.php(51): Illuminate\\Foundation\\Http\\Middleware\\TransformsRequest->handle(Object(Illuminate\\Http\\Request), Object(Closure))
#40 /Users/zeeshan/Herd/Companies/TSH/personal-assistant/backend/vendor/laravel/framework/src/Illuminate/Pipeline/Pipeline.php(209): Illuminate\\Foundation\\Http\\Middleware\\TrimStrings->handle(Object(Illuminate\\Http\\Request), Object(Closure))
#41 /Users/zeeshan/Herd/Companies/TSH/personal-assistant/backend/vendor/laravel/framework/src/Illuminate/Http/Middleware/ValidatePostSize.php(27): Illuminate\\Pipeline\\Pipeline->Illuminate\\Pipeline\\{closure}(Object(Illuminate\\Http\\Request))
#42 /Users/zeeshan/Herd/Companies/TSH/personal-assistant/backend/vendor/laravel/framework/src/Illuminate/Pipeline/Pipeline.php(209): Illuminate\\Http\\Middleware\\ValidatePostSize->handle(Object(Illuminate\\Http\\Request), Object(Closure))
#43 /Users/zeeshan/Herd/Companies/TSH/personal-assistant/backend/vendor/laravel/framework/src/Illuminate/Foundation/Http/Middleware/PreventRequestsDuringMaintenance.php(110): Illuminate\\Pipeline\\Pipeline->Illuminate\\Pipeline\\{closure}(Object(Illuminate\\Http\\Request))
#44 /Users/zeeshan/Herd/Companies/TSH/personal-assistant/backend/vendor/laravel/framework/src/Illuminate/Pipeline/Pipeline.php(209): Illuminate\\Foundation\\Http\\Middleware\\PreventRequestsDuringMaintenance->handle(Object(Illuminate\\Http\\Request), Object(Closure))
#45 /Users/zeeshan/Herd/Companies/TSH/personal-assistant/backend/vendor/laravel/framework/src/Illuminate/Http/Middleware/HandleCors.php(49): Illuminate\\Pipeline\\Pipeline->Illuminate\\Pipeline\\{closure}(Object(Illuminate\\Http\\Request))
#46 /Users/zeeshan/Herd/Companies/TSH/personal-assistant/backend/vendor/laravel/framework/src/Illuminate/Pipeline/Pipeline.php(209): Illuminate\\Http\\Middleware\\HandleCors->handle(Object(Illuminate\\Http\\Request), Object(Closure))
#47 /Users/zeeshan/Herd/Companies/TSH/personal-assistant/backend/vendor/laravel/framework/src/Illuminate/Http/Middleware/TrustProxies.php(58): Illuminate\\Pipeline\\Pipeline->Illuminate\\Pipeline\\{closure}(Object(Illuminate\\Http\\Request))
#48 /Users/zeeshan/Herd/Companies/TSH/personal-assistant/backend/vendor/laravel/framework/src/Illuminate/Pipeline/Pipeline.php(209): Illuminate\\Http\\Middleware\\TrustProxies->handle(Object(Illuminate\\Http\\Request), Object(Closure))
#49 /Users/zeeshan/Herd/Companies/TSH/personal-assistant/backend/vendor/laravel/framework/src/Illuminate/Foundation/Http/Middleware/InvokeDeferredCallbacks.php(22): Illuminate\\Pipeline\\Pipeline->Illuminate\\Pipeline\\{closure}(Object(Illuminate\\Http\\Request))
#50 /Users/zeeshan/Herd/Companies/TSH/personal-assistant/backend/vendor/laravel/framework/src/Illuminate/Pipeline/Pipeline.php(209): Illuminate\\Foundation\\Http\\Middleware\\InvokeDeferredCallbacks->handle(Object(Illuminate\\Http\\Request), Object(Closure))
#51 /Users/zeeshan/Herd/Companies/TSH/personal-assistant/backend/vendor/laravel/framework/src/Illuminate/Pipeline/Pipeline.php(127): Illuminate\\Pipeline\\Pipeline->Illuminate\\Pipeline\\{closure}(Object(Illuminate\\Http\\Request))
#52 /Users/zeeshan/Herd/Companies/TSH/personal-assistant/backend/vendor/laravel/framework/src/Illuminate/Foundation/Http/Kernel.php(176): Illuminate\\Pipeline\\Pipeline->then(Object(Closure))
#53 /Users/zeeshan/Herd/Companies/TSH/personal-assistant/backend/vendor/laravel/framework/src/Illuminate/Foundation/Http/Kernel.php(145): Illuminate\\Foundation\\Http\\Kernel->sendRequestThroughRouter(Object(Illuminate\\Http\\Request))
#54 /Users/zeeshan/Herd/Companies/TSH/personal-assistant/backend/public/index.php(17): Illuminate\\Foundation\\Http\\Kernel->handle(Object(Illuminate\\Http\\Request))
#55 /Users/zeeshan/Herd/Companies/TSH/personal-assistant/backend/vendor/laravel/framework/src/Illuminate/Foundation/resources/server.php(23): require_once('/Users/zeeshan/...')
#56 {main}
"} 
[2025-12-07 10:31:45] local.ERROR: Vite manifest not found at: /Users/zeeshan/Herd/Companies/TSH/personal-assistant/backend/public/build/manifest.json (View: /Users/zeeshan/Herd/Companies/TSH/personal-assistant/backend/resources/views/app.blade.php) {"exception":"[object] (Illuminate\\View\\ViewException(code: 0): Vite manifest not found at: /Users/zeeshan/Herd/Companies/TSH/personal-assistant/backend/public/build/manifest.json (View: /Users/zeeshan/Herd/Companies/TSH/personal-assistant/backend/resources/views/app.blade.php) at /Users/zeeshan/Herd/Companies/TSH/personal-assistant/backend/vendor/laravel/framework/src/Illuminate/Foundation/Vite.php:934)
[stacktrace]
#0 /Users/zeeshan/Herd/Companies/TSH/personal-assistant/backend/vendor/laravel/framework/src/Illuminate/View/Engines/PhpEngine.php(60): Illuminate\\View\\Engines\\CompilerEngine->handleViewException(Object(Illuminate\\Foundation\\ViteManifestNotFoundException), 1)
#1 /Users/zeeshan/Herd/Companies/TSH/personal-assistant/backend/vendor/laravel/framework/src/Illuminate/View/Engines/CompilerEngine.php(75): Illuminate\\View\\Engines\\PhpEngine->evaluatePath('/Users/zeeshan/...', Array)
#2 /Users/zeeshan/Herd/Companies/TSH/personal-assistant/backend/vendor/laravel/framework/src/Illuminate/View/View.php(209): Illuminate\\View\\Engines\\CompilerEngine->get('/Users/zeeshan/...', Array)
#3 /Users/zeeshan/Herd/Companies/TSH/personal-assistant/backend/vendor/laravel/framework/src/Illuminate/View/View.php(192): Illuminate\\View\\View->getContents()
#4 /Users/zeeshan/Herd/Companies/TSH/personal-assistant/backend/vendor/laravel/framework/src/Illuminate/View/View.php(161): Illuminate\\View\\View->renderContents()
#5 /Users/zeeshan/Herd/Companies/TSH/personal-assistant/backend/vendor/laravel/framework/src/Illuminate/Http/Response.php(79): Illuminate\\View\\View->render()
#6 /Users/zeeshan/Herd/Companies/TSH/personal-assistant/backend/vendor/laravel/framework/src/Illuminate/Http/Response.php(35): Illuminate\\Http\\Response->setContent(Object(Illuminate\\View\\View))
#7 /Users/zeeshan/Herd/Companies/TSH/personal-assistant/backend/vendor/laravel/framework/src/Illuminate/Routing/Router.php(920): Illuminate\\Http\\Response->__construct(Object(Illuminate\\View\\View), 200, Array)
#8 /Users/zeeshan/Herd/Companies/TSH/personal-assistant/backend/vendor/laravel/framework/src/Illuminate/Routing/Router.php(887): Illuminate\\Routing\\Router::toResponse(Object(Illuminate\\Http\\Request), Object(Illuminate\\View\\View))
#9 /Users/zeeshan/Herd/Companies/TSH/personal-assistant/backend/vendor/laravel/framework/src/Illuminate/Routing/Router.php(807): Illuminate\\Routing\\Router->prepareResponse(Object(Illuminate\\Http\\Request), Object(Illuminate\\View\\View))
#10 /Users/zeeshan/Herd/Companies/TSH/personal-assistant/backend/vendor/laravel/framework/src/Illuminate/Pipeline/Pipeline.php(170): Illuminate\\Routing\\Router->Illuminate\\Routing\\{closure}(Object(Illuminate\\Http\\Request))
#11 /Users/zeeshan/Herd/Companies/TSH/personal-assistant/backend/vendor/laravel/framework/src/Illuminate/Routing/Middleware/SubstituteBindings.php(51): Illuminate\\Pipeline\\Pipeline->Illuminate\\Pipeline\\{closure}(Object(Illuminate\\Http\\Request))
#12 /Users/zeeshan/Herd/Companies/TSH/personal-assistant/backend/vendor/laravel/framework/src/Illuminate/Pipeline/Pipeline.php(209): Illuminate\\Routing\\Middleware\\SubstituteBindings->handle(Object(Illuminate\\Http\\Request), Object(Closure))
#13 /Users/zeeshan/Herd/Companies/TSH/personal-assistant/backend/vendor/laravel/framework/src/Illuminate/Foundation/Http/Middleware/VerifyCsrfToken.php(88): Illuminate\\Pipeline\\Pipeline->Illuminate\\Pipeline\\{closure}(Object(Illuminate\\Http\\Request))
#14 /Users/zeeshan/Herd/Companies/TSH/personal-assistant/backend/vendor/laravel/framework/src/Illuminate/Pipeline/Pipeline.php(209): Illuminate\\Foundation\\Http\\Middleware\\VerifyCsrfToken->handle(Object(Illuminate\\Http\\Request), Object(Closure))
#15 /Users/zeeshan/Herd/Companies/TSH/personal-assistant/backend/vendor/laravel/framework/src/Illuminate/View/Middleware/ShareErrorsFromSession.php(49): Illuminate\\Pipeline\\Pipeline->Illuminate\\Pipeline\\{closure}(Object(Illuminate\\Http\\Request))
#16 /Users/zeeshan/Herd/Companies/TSH/personal-assistant/backend/vendor/laravel/framework/src/Illuminate/Pipeline/Pipeline.php(209): Illuminate\\View\\Middleware\\ShareErrorsFromSession->handle(Object(Illuminate\\Http\\Request), Object(Closure))
#17 /Users/zeeshan/Herd/Companies/TSH/personal-assistant/backend/vendor/laravel/framework/src/Illuminate/Session/Middleware/StartSession.php(121): Illuminate\\Pipeline\\Pipeline->Illuminate\\Pipeline\\{closure}(Object(Illuminate\\Http\\Request))
#18 /Users/zeeshan/Herd/Companies/TSH/personal-assistant/backend/vendor/laravel/framework/src/Illuminate/Session/Middleware/StartSession.php(64): Illuminate\\Session\\Middleware\\StartSession->handleStatefulRequest(Object(Illuminate\\Http\\Request), Object(Illuminate\\Session\\Store), Object(Closure))
#19 /Users/zeeshan/Herd/Companies/TSH/personal-assistant/backend/vendor/laravel/framework/src/Illuminate/Pipeline/Pipeline.php(209): Illuminate\\Session\\Middleware\\StartSession->handle(Object(Illuminate\\Http\\Request), Object(Closure))
#20 /Users/zeeshan/Herd/Companies/TSH/personal-assistant/backend/vendor/laravel/framework/src/Illuminate/Cookie/Middleware/AddQueuedCookiesToResponse.php(37): Illuminate\\Pipeline\\Pipeline->Illuminate\\Pipeline\\{closure}(Object(Illuminate\\Http\\Request))
#21 /Users/zeeshan/Herd/Companies/TSH/personal-assistant/backend/vendor/laravel/framework/src/Illuminate/Pipeline/Pipeline.php(209): Illuminate\\Cookie\\Middleware\\AddQueuedCookiesToResponse->handle(Object(Illuminate\\Http\\Request), Object(Closure))
#22 /Users/zeeshan/Herd/Companies/TSH/personal-assistant/backend/vendor/laravel/framework/src/Illuminate/Cookie/Middleware/EncryptCookies.php(75): Illuminate\\Pipeline\\Pipeline->Illuminate\\Pipeline\\{closure}(Object(Illuminate\\Http\\Request))
#23 /Users/zeeshan/Herd/Companies/TSH/personal-assistant/backend/vendor/laravel/framework/src/Illuminate/Pipeline/Pipeline.php(209): Illuminate\\Cookie\\Middleware\\EncryptCookies->handle(Object(Illuminate\\Http\\Request), Object(Closure))
#24 /Users/zeeshan/Herd/Companies/TSH/personal-assistant/backend/vendor/laravel/framework/src/Illuminate/Pipeline/Pipeline.php(127): Illuminate\\Pipeline\\Pipeline->Illuminate\\Pipeline\\{closure}(Object(Illuminate\\Http\\Request))
#25 /Users/zeeshan/Herd/Companies/TSH/personal-assistant/backend/vendor/laravel/framework/src/Illuminate/Routing/Router.php(807): Illuminate\\Pipeline\\Pipeline->then(Object(Closure))
#26 /Users/zeeshan/Herd/Companies/TSH/personal-assistant/backend/vendor/laravel/framework/src/Illuminate/Routing/Router.php(786): Illuminate\\Routing\\Router->runRouteWithinStack(Object(Illuminate\\Routing\\Route), Object(Illuminate\\Http\\Request))
#27 /Users/zeeshan/Herd/Companies/TSH/personal-assistant/backend/vendor/laravel/framework/src/Illuminate/Routing/Router.php(750): Illuminate\\Routing\\Router->runRoute(Object(Illuminate\\Http\\Request), Object(Illuminate\\Routing\\Route))
#28 /Users/zeeshan/Herd/Companies/TSH/personal-assistant/backend/vendor/laravel/framework/src/Illuminate/Routing/Router.php(739): Illuminate\\Routing\\Router->dispatchToRoute(Object(Illuminate\\Http\\Request))
#29 /Users/zeeshan/Herd/Companies/TSH/personal-assistant/backend/vendor/laravel/framework/src/Illuminate/Foundation/Http/Kernel.php(201): Illuminate\\Routing\\Router->dispatch(Object(Illuminate\\Http\\Request))
#30 /Users/zeeshan/Herd/Companies/TSH/personal-assistant/backend/vendor/laravel/framework/src/Illuminate/Pipeline/Pipeline.php(170): Illuminate\\Foundation\\Http\\Kernel->Illuminate\\Foundation\\Http\\{closure}(Object(Illuminate\\Http\\Request))
#31 /Users/zeeshan/Herd/Companies/TSH/personal-assistant/backend/vendor/laravel/framework/src/Illuminate/Foundation/Http/Middleware/TransformsRequest.php(21): Illuminate\\Pipeline\\Pipeline->Illuminate\\Pipeline\\{closure}(Object(Illuminate\\Http\\Request))
#32 /Users/zeeshan/Herd/Companies/TSH/personal-assistant/backend/vendor/laravel/framework/src/Illuminate/Foundation/Http/Middleware/ConvertEmptyStringsToNull.php(31): Illuminate\\Foundation\\Http\\Middleware\\TransformsRequest->handle(Object(Illuminate\\Http\\Request), Object(Closure))
#33 /Users/zeeshan/Herd/Companies/TSH/personal-assistant/backend/vendor/laravel/framework/src/Illuminate/Pipeline/Pipeline.php(209): Illuminate\\Foundation\\Http\\Middleware\\ConvertEmptyStringsToNull->handle(Object(Illuminate\\Http\\Request), Object(Closure))
#34 /Users/zeeshan/Herd/Companies/TSH/personal-assistant/backend/vendor/laravel/framework/src/Illuminate/Foundation/Http/Middleware/TransformsRequest.php(21): Illuminate\\Pipeline\\Pipeline->Illuminate\\Pipeline\\{closure}(Object(Illuminate\\Http\\Request))
#35 /Users/zeeshan/Herd/Companies/TSH/personal-assistant/backend/vendor/laravel/framework/src/Illuminate/Foundation/Http/Middleware/TrimStrings.php(51): Illuminate\\Foundation\\Http\\Middleware\\TransformsRequest->handle(Object(Illuminate\\Http\\Request), Object(Closure))
#36 /Users/zeeshan/Herd/Companies/TSH/personal-assistant/backend/vendor/laravel/framework/src/Illuminate/Pipeline/Pipeline.php(209): Illuminate\\Foundation\\Http\\Middleware\\TrimStrings->handle(Object(Illuminate\\Http\\Request), Object(Closure))
#37 /Users/zeeshan/Herd/Companies/TSH/personal-assistant/backend/vendor/laravel/framework/src/Illuminate/Http/Middleware/ValidatePostSize.php(27): Illuminate\\Pipeline\\Pipeline->Illuminate\\Pipeline\\{closure}(Object(Illuminate\\Http\\Request))
#38 /Users/zeeshan/Herd/Companies/TSH/personal-assistant/backend/vendor/laravel/framework/src/Illuminate/Pipeline/Pipeline.php(209): Illuminate\\Http\\Middleware\\ValidatePostSize->handle(Object(Illuminate\\Http\\Request), Object(Closure))
#39 /Users/zeeshan/Herd/Companies/TSH/personal-assistant/backend/vendor/laravel/framework/src/Illuminate/Foundation/Http/Middleware/PreventRequestsDuringMaintenance.php(110): Illuminate\\Pipeline\\Pipeline->Illuminate\\Pipeline\\{closure}(Object(Illuminate\\Http\\Request))
#40 /Users/zeeshan/Herd/Companies/TSH/personal-assistant/backend/vendor/laravel/framework/src/Illuminate/Pipeline/Pipeline.php(209): Illuminate\\Foundation\\Http\\Middleware\\PreventRequestsDuringMaintenance->handle(Object(Illuminate\\Http\\Request), Object(Closure))
#41 /Users/zeeshan/Herd/Companies/TSH/personal-assistant/backend/vendor/laravel/framework/src/Illuminate/Http/Middleware/HandleCors.php(49): Illuminate\\Pipeline\\Pipeline->Illuminate\\Pipeline\\{closure}(Object(Illuminate\\Http\\Request))
#42 /Users/zeeshan/Herd/Companies/TSH/personal-assistant/backend/vendor/laravel/framework/src/Illuminate/Pipeline/Pipeline.php(209): Illuminate\\Http\\Middleware\\HandleCors->handle(Object(Illuminate\\Http\\Request), Object(Closure))
#43 /Users/zeeshan/Herd/Companies/TSH/personal-assistant/backend/vendor/laravel/framework/src/Illuminate/Http/Middleware/TrustProxies.php(58): Illuminate\\Pipeline\\Pipeline->Illuminate\\Pipeline\\{closure}(Object(Illuminate\\Http\\Request))
#44 /Users/zeeshan/Herd/Companies/TSH/personal-assistant/backend/vendor/laravel/framework/src/Illuminate/Pipeline/Pipeline.php(209): Illuminate\\Http\\Middleware\\TrustProxies->handle(Object(Illuminate\\Http\\Request), Object(Closure))
#45 /Users/zeeshan/Herd/Companies/TSH/personal-assistant/backend/vendor/laravel/framework/src/Illuminate/Foundation/Http/Middleware/InvokeDeferredCallbacks.php(22): Illuminate\\Pipeline\\Pipeline->Illuminate\\Pipeline\\{closure}(Object(Illuminate\\Http\\Request))
#46 /Users/zeeshan/Herd/Companies/TSH/personal-assistant/backend/vendor/laravel/framework/src/Illuminate/Pipeline/Pipeline.php(209): Illuminate\\Foundation\\Http\\Middleware\\InvokeDeferredCallbacks->handle(Object(Illuminate\\Http\\Request), Object(Closure))
#47 /Users/zeeshan/Herd/Companies/TSH/personal-assistant/backend/vendor/laravel/framework/src/Illuminate/Pipeline/Pipeline.php(127): Illuminate\\Pipeline\\Pipeline->Illuminate\\Pipeline\\{closure}(Object(Illuminate\\Http\\Request))
#48 /Users/zeeshan/Herd/Companies/TSH/personal-assistant/backend/vendor/laravel/framework/src/Illuminate/Foundation/Http/Kernel.php(176): Illuminate\\Pipeline\\Pipeline->then(Object(Closure))
#49 /Users/zeeshan/Herd/Companies/TSH/personal-assistant/backend/vendor/laravel/framework/src/Illuminate/Foundation/Http/Kernel.php(145): Illuminate\\Foundation\\Http\\Kernel->sendRequestThroughRouter(Object(Illuminate\\Http\\Request))
#50 /Users/zeeshan/Herd/Companies/TSH/personal-assistant/backend/public/index.php(17): Illuminate\\Foundation\\Http\\Kernel->handle(Object(Illuminate\\Http\\Request))
#51 /Users/zeeshan/Herd/Companies/TSH/personal-assistant/backend/vendor/laravel/framework/src/Illuminate/Foundation/resources/server.php(23): require_once('/Users/zeeshan/...')
#52 {main}

[previous exception] [object] (Illuminate\\Foundation\\ViteManifestNotFoundException(code: 0): Vite manifest not found at: /Users/zeeshan/Herd/Companies/TSH/personal-assistant/backend/public/build/manifest.json at /Users/zeeshan/Herd/Companies/TSH/personal-assistant/backend/vendor/laravel/framework/src/Illuminate/Foundation/Vite.php:934)
[stacktrace]
#0 /Users/zeeshan/Herd/Companies/TSH/personal-assistant/backend/vendor/laravel/framework/src/Illuminate/Foundation/Vite.php(384): Illuminate\\Foundation\\Vite->manifest('build')
#1 /Users/zeeshan/Herd/Companies/TSH/personal-assistant/backend/storage/framework/views/16511026ff9f57c5a74a16d44bace125.php(7): Illuminate\\Foundation\\Vite->__invoke(Object(Illuminate\\Support\\Collection))
#2 /Users/zeeshan/Herd/Companies/TSH/personal-assistant/backend/vendor/laravel/framework/src/Illuminate/Filesystem/Filesystem.php(123): require('/Users/zeeshan/...')
#3 /Users/zeeshan/Herd/Companies/TSH/personal-assistant/backend/vendor/laravel/framework/src/Illuminate/Filesystem/Filesystem.php(124): Illuminate\\Filesystem\\Filesystem::Illuminate\\Filesystem\\{closure}()
#4 /Users/zeeshan/Herd/Companies/TSH/personal-assistant/backend/vendor/laravel/framework/src/Illuminate/View/Engines/PhpEngine.php(58): Illuminate\\Filesystem\\Filesystem->getRequire('/Users/zeeshan/...', Array)
#5 /Users/zeeshan/Herd/Companies/TSH/personal-assistant/backend/vendor/laravel/framework/src/Illuminate/View/Engines/CompilerEngine.php(75): Illuminate\\View\\Engines\\PhpEngine->evaluatePath('/Users/zeeshan/...', Array)
#6 /Users/zeeshan/Herd/Companies/TSH/personal-assistant/backend/vendor/laravel/framework/src/Illuminate/View/View.php(209): Illuminate\\View\\Engines\\CompilerEngine->get('/Users/zeeshan/...', Array)
#7 /Users/zeeshan/Herd/Companies/TSH/personal-assistant/backend/vendor/laravel/framework/src/Illuminate/View/View.php(192): Illuminate\\View\\View->getContents()
#8 /Users/zeeshan/Herd/Companies/TSH/personal-assistant/backend/vendor/laravel/framework/src/Illuminate/View/View.php(161): Illuminate\\View\\View->renderContents()
#9 /Users/zeeshan/Herd/Companies/TSH/personal-assistant/backend/vendor/laravel/framework/src/Illuminate/Http/Response.php(79): Illuminate\\View\\View->render()
#10 /Users/zeeshan/Herd/Companies/TSH/personal-assistant/backend/vendor/laravel/framework/src/Illuminate/Http/Response.php(35): Illuminate\\Http\\Response->setContent(Object(Illuminate\\View\\View))
#11 /Users/zeeshan/Herd/Companies/TSH/personal-assistant/backend/vendor/laravel/framework/src/Illuminate/Routing/Router.php(920): Illuminate\\Http\\Response->__construct(Object(Illuminate\\View\\View), 200, Array)
#12 /Users/zeeshan/Herd/Companies/TSH/personal-assistant/backend/vendor/laravel/framework/src/Illuminate/Routing/Router.php(887): Illuminate\\Routing\\Router::toResponse(Object(Illuminate\\Http\\Request), Object(Illuminate\\View\\View))
#13 /Users/zeeshan/Herd/Companies/TSH/personal-assistant/backend/vendor/laravel/framework/src/Illuminate/Routing/Router.php(807): Illuminate\\Routing\\Router->prepareResponse(Object(Illuminate\\Http\\Request), Object(Illuminate\\View\\View))
#14 /Users/zeeshan/Herd/Companies/TSH/personal-assistant/backend/vendor/laravel/framework/src/Illuminate/Pipeline/Pipeline.php(170): Illuminate\\Routing\\Router->Illuminate\\Routing\\{closure}(Object(Illuminate\\Http\\Request))
#15 /Users/zeeshan/Herd/Companies/TSH/personal-assistant/backend/vendor/laravel/framework/src/Illuminate/Routing/Middleware/SubstituteBindings.php(51): Illuminate\\Pipeline\\Pipeline->Illuminate\\Pipeline\\{closure}(Object(Illuminate\\Http\\Request))
#16 /Users/zeeshan/Herd/Companies/TSH/personal-assistant/backend/vendor/laravel/framework/src/Illuminate/Pipeline/Pipeline.php(209): Illuminate\\Routing\\Middleware\\SubstituteBindings->handle(Object(Illuminate\\Http\\Request), Object(Closure))
#17 /Users/zeeshan/Herd/Companies/TSH/personal-assistant/backend/vendor/laravel/framework/src/Illuminate/Foundation/Http/Middleware/VerifyCsrfToken.php(88): Illuminate\\Pipeline\\Pipeline->Illuminate\\Pipeline\\{closure}(Object(Illuminate\\Http\\Request))
#18 /Users/zeeshan/Herd/Companies/TSH/personal-assistant/backend/vendor/laravel/framework/src/Illuminate/Pipeline/Pipeline.php(209): Illuminate\\Foundation\\Http\\Middleware\\VerifyCsrfToken->handle(Object(Illuminate\\Http\\Request), Object(Closure))
#19 /Users/zeeshan/Herd/Companies/TSH/personal-assistant/backend/vendor/laravel/framework/src/Illuminate/View/Middleware/ShareErrorsFromSession.php(49): Illuminate\\Pipeline\\Pipeline->Illuminate\\Pipeline\\{closure}(Object(Illuminate\\Http\\Request))
#20 /Users/zeeshan/Herd/Companies/TSH/personal-assistant/backend/vendor/laravel/framework/src/Illuminate/Pipeline/Pipeline.php(209): Illuminate\\View\\Middleware\\ShareErrorsFromSession->handle(Object(Illuminate\\Http\\Request), Object(Closure))
#21 /Users/zeeshan/Herd/Companies/TSH/personal-assistant/backend/vendor/laravel/framework/src/Illuminate/Session/Middleware/StartSession.php(121): Illuminate\\Pipeline\\Pipeline->Illuminate\\Pipeline\\{closure}(Object(Illuminate\\Http\\Request))
#22 /Users/zeeshan/Herd/Companies/TSH/personal-assistant/backend/vendor/laravel/framework/src/Illuminate/Session/Middleware/StartSession.php(64): Illuminate\\Session\\Middleware\\StartSession->handleStatefulRequest(Object(Illuminate\\Http\\Request), Object(Illuminate\\Session\\Store), Object(Closure))
#23 /Users/zeeshan/Herd/Companies/TSH/personal-assistant/backend/vendor/laravel/framework/src/Illuminate/Pipeline/Pipeline.php(209): Illuminate\\Session\\Middleware\\StartSession->handle(Object(Illuminate\\Http\\Request), Object(Closure))
#24 /Users/zeeshan/Herd/Companies/TSH/personal-assistant/backend/vendor/laravel/framework/src/Illuminate/Cookie/Middleware/AddQueuedCookiesToResponse.php(37): Illuminate\\Pipeline\\Pipeline->Illuminate\\Pipeline\\{closure}(Object(Illuminate\\Http\\Request))
#25 /Users/zeeshan/Herd/Companies/TSH/personal-assistant/backend/vendor/laravel/framework/src/Illuminate/Pipeline/Pipeline.php(209): Illuminate\\Cookie\\Middleware\\AddQueuedCookiesToResponse->handle(Object(Illuminate\\Http\\Request), Object(Closure))
#26 /Users/zeeshan/Herd/Companies/TSH/personal-assistant/backend/vendor/laravel/framework/src/Illuminate/Cookie/Middleware/EncryptCookies.php(75): Illuminate\\Pipeline\\Pipeline->Illuminate\\Pipeline\\{closure}(Object(Illuminate\\Http\\Request))
#27 /Users/zeeshan/Herd/Companies/TSH/personal-assistant/backend/vendor/laravel/framework/src/Illuminate/Pipeline/Pipeline.php(209): Illuminate\\Cookie\\Middleware\\EncryptCookies->handle(Object(Illuminate\\Http\\Request), Object(Closure))
#28 /Users/zeeshan/Herd/Companies/TSH/personal-assistant/backend/vendor/laravel/framework/src/Illuminate/Pipeline/Pipeline.php(127): Illuminate\\Pipeline\\Pipeline->Illuminate\\Pipeline\\{closure}(Object(Illuminate\\Http\\Request))
#29 /Users/zeeshan/Herd/Companies/TSH/personal-assistant/backend/vendor/laravel/framework/src/Illuminate/Routing/Router.php(807): Illuminate\\Pipeline\\Pipeline->then(Object(Closure))
#30 /Users/zeeshan/Herd/Companies/TSH/personal-assistant/backend/vendor/laravel/framework/src/Illuminate/Routing/Router.php(786): Illuminate\\Routing\\Router->runRouteWithinStack(Object(Illuminate\\Routing\\Route), Object(Illuminate\\Http\\Request))
#31 /Users/zeeshan/Herd/Companies/TSH/personal-assistant/backend/vendor/laravel/framework/src/Illuminate/Routing/Router.php(750): Illuminate\\Routing\\Router->runRoute(Object(Illuminate\\Http\\Request), Object(Illuminate\\Routing\\Route))
#32 /Users/zeeshan/Herd/Companies/TSH/personal-assistant/backend/vendor/laravel/framework/src/Illuminate/Routing/Router.php(739): Illuminate\\Routing\\Router->dispatchToRoute(Object(Illuminate\\Http\\Request))
#33 /Users/zeeshan/Herd/Companies/TSH/personal-assistant/backend/vendor/laravel/framework/src/Illuminate/Foundation/Http/Kernel.php(201): Illuminate\\Routing\\Router->dispatch(Object(Illuminate\\Http\\Request))
#34 /Users/zeeshan/Herd/Companies/TSH/personal-assistant/backend/vendor/laravel/framework/src/Illuminate/Pipeline/Pipeline.php(170): Illuminate\\Foundation\\Http\\Kernel->Illuminate\\Foundation\\Http\\{closure}(Object(Illuminate\\Http\\Request))
#35 /Users/zeeshan/Herd/Companies/TSH/personal-assistant/backend/vendor/laravel/framework/src/Illuminate/Foundation/Http/Middleware/TransformsRequest.php(21): Illuminate\\Pipeline\\Pipeline->Illuminate\\Pipeline\\{closure}(Object(Illuminate\\Http\\Request))
#36 /Users/zeeshan/Herd/Companies/TSH/personal-assistant/backend/vendor/laravel/framework/src/Illuminate/Foundation/Http/Middleware/ConvertEmptyStringsToNull.php(31): Illuminate\\Foundation\\Http\\Middleware\\TransformsRequest->handle(Object(Illuminate\\Http\\Request), Object(Closure))
#37 /Users/zeeshan/Herd/Companies/TSH/personal-assistant/backend/vendor/laravel/framework/src/Illuminate/Pipeline/Pipeline.php(209): Illuminate\\Foundation\\Http\\Middleware\\ConvertEmptyStringsToNull->handle(Object(Illuminate\\Http\\Request), Object(Closure))
#38 /Users/zeeshan/Herd/Companies/TSH/personal-assistant/backend/vendor/laravel/framework/src/Illuminate/Foundation/Http/Middleware/TransformsRequest.php(21): Illuminate\\Pipeline\\Pipeline->Illuminate\\Pipeline\\{closure}(Object(Illuminate\\Http\\Request))
#39 /Users/zeeshan/Herd/Companies/TSH/personal-assistant/backend/vendor/laravel/framework/src/Illuminate/Foundation/Http/Middleware/TrimStrings.php(51): Illuminate\\Foundation\\Http\\Middleware\\TransformsRequest->handle(Object(Illuminate\\Http\\Request), Object(Closure))
#40 /Users/zeeshan/Herd/Companies/TSH/personal-assistant/backend/vendor/laravel/framework/src/Illuminate/Pipeline/Pipeline.php(209): Illuminate\\Foundation\\Http\\Middleware\\TrimStrings->handle(Object(Illuminate\\Http\\Request), Object(Closure))
#41 /Users/zeeshan/Herd/Companies/TSH/personal-assistant/backend/vendor/laravel/framework/src/Illuminate/Http/Middleware/ValidatePostSize.php(27): Illuminate\\Pipeline\\Pipeline->Illuminate\\Pipeline\\{closure}(Object(Illuminate\\Http\\Request))
#42 /Users/zeeshan/Herd/Companies/TSH/personal-assistant/backend/vendor/laravel/framework/src/Illuminate/Pipeline/Pipeline.php(209): Illuminate\\Http\\Middleware\\ValidatePostSize->handle(Object(Illuminate\\Http\\Request), Object(Closure))
#43 /Users/zeeshan/Herd/Companies/TSH/personal-assistant/backend/vendor/laravel/framework/src/Illuminate/Foundation/Http/Middleware/PreventRequestsDuringMaintenance.php(110): Illuminate\\Pipeline\\Pipeline->Illuminate\\Pipeline\\{closure}(Object(Illuminate\\Http\\Request))
#44 /Users/zeeshan/Herd/Companies/TSH/personal-assistant/backend/vendor/laravel/framework/src/Illuminate/Pipeline/Pipeline.php(209): Illuminate\\Foundation\\Http\\Middleware\\PreventRequestsDuringMaintenance->handle(Object(Illuminate\\Http\\Request), Object(Closure))
#45 /Users/zeeshan/Herd/Companies/TSH/personal-assistant/backend/vendor/laravel/framework/src/Illuminate/Http/Middleware/HandleCors.php(49): Illuminate\\Pipeline\\Pipeline->Illuminate\\Pipeline\\{closure}(Object(Illuminate\\Http\\Request))
#46 /Users/zeeshan/Herd/Companies/TSH/personal-assistant/backend/vendor/laravel/framework/src/Illuminate/Pipeline/Pipeline.php(209): Illuminate\\Http\\Middleware\\HandleCors->handle(Object(Illuminate\\Http\\Request), Object(Closure))
#47 /Users/zeeshan/Herd/Companies/TSH/personal-assistant/backend/vendor/laravel/framework/src/Illuminate/Http/Middleware/TrustProxies.php(58): Illuminate\\Pipeline\\Pipeline->Illuminate\\Pipeline\\{closure}(Object(Illuminate\\Http\\Request))
#48 /Users/zeeshan/Herd/Companies/TSH/personal-assistant/backend/vendor/laravel/framework/src/Illuminate/Pipeline/Pipeline.php(209): Illuminate\\Http\\Middleware\\TrustProxies->handle(Object(Illuminate\\Http\\Request), Object(Closure))
#49 /Users/zeeshan/Herd/Companies/TSH/personal-assistant/backend/vendor/laravel/framework/src/Illuminate/Foundation/Http/Middleware/InvokeDeferredCallbacks.php(22): Illuminate\\Pipeline\\Pipeline->Illuminate\\Pipeline\\{closure}(Object(Illuminate\\Http\\Request))
#50 /Users/zeeshan/Herd/Companies/TSH/personal-assistant/backend/vendor/laravel/framework/src/Illuminate/Pipeline/Pipeline.php(209): Illuminate\\Foundation\\Http\\Middleware\\InvokeDeferredCallbacks->handle(Object(Illuminate\\Http\\Request), Object(Closure))
#51 /Users/zeeshan/Herd/Companies/TSH/personal-assistant/backend/vendor/laravel/framework/src/Illuminate/Pipeline/Pipeline.php(127): Illuminate\\Pipeline\\Pipeline->Illuminate\\Pipeline\\{closure}(Object(Illuminate\\Http\\Request))
#52 /Users/zeeshan/Herd/Companies/TSH/personal-assistant/backend/vendor/laravel/framework/src/Illuminate/Foundation/Http/Kernel.php(176): Illuminate\\Pipeline\\Pipeline->then(Object(Closure))
#53 /Users/zeeshan/Herd/Companies/TSH/personal-assistant/backend/vendor/laravel/framework/src/Illuminate/Foundation/Http/Kernel.php(145): Illuminate\\Foundation\\Http\\Kernel->sendRequestThroughRouter(Object(Illuminate\\Http\\Request))
#54 /Users/zeeshan/Herd/Companies/TSH/personal-assistant/backend/public/index.php(17): Illuminate\\Foundation\\Http\\Kernel->handle(Object(Illuminate\\Http\\Request))
#55 /Users/zeeshan/Herd/Companies/TSH/personal-assistant/backend/vendor/laravel/framework/src/Illuminate/Foundation/resources/server.php(23): require_once('/Users/zeeshan/...')
#56 {main}
"} 
[2025-12-07 10:31:45] local.ERROR: Vite manifest not found at: /Users/zeeshan/Herd/Companies/TSH/personal-assistant/backend/public/build/manifest.json (View: /Users/zeeshan/Herd/Companies/TSH/personal-assistant/backend/resources/views/app.blade.php) {"exception":"[object] (Illuminate\\View\\ViewException(code: 0): Vite manifest not found at: /Users/zeeshan/Herd/Companies/TSH/personal-assistant/backend/public/build/manifest.json (View: /Users/zeeshan/Herd/Companies/TSH/personal-assistant/backend/resources/views/app.blade.php) at /Users/zeeshan/Herd/Companies/TSH/personal-assistant/backend/vendor/laravel/framework/src/Illuminate/Foundation/Vite.php:934)
[stacktrace]
#0 /Users/zeeshan/Herd/Companies/TSH/personal-assistant/backend/vendor/laravel/framework/src/Illuminate/View/Engines/PhpEngine.php(60): Illuminate\\View\\Engines\\CompilerEngine->handleViewException(Object(Illuminate\\Foundation\\ViteManifestNotFoundException), 1)
#1 /Users/zeeshan/Herd/Companies/TSH/personal-assistant/backend/vendor/laravel/framework/src/Illuminate/View/Engines/CompilerEngine.php(75): Illuminate\\View\\Engines\\PhpEngine->evaluatePath('/Users/zeeshan/...', Array)
#2 /Users/zeeshan/Herd/Companies/TSH/personal-assistant/backend/vendor/laravel/framework/src/Illuminate/View/View.php(209): Illuminate\\View\\Engines\\CompilerEngine->get('/Users/zeeshan/...', Array)
#3 /Users/zeeshan/Herd/Companies/TSH/personal-assistant/backend/vendor/laravel/framework/src/Illuminate/View/View.php(192): Illuminate\\View\\View->getContents()
#4 /Users/zeeshan/Herd/Companies/TSH/personal-assistant/backend/vendor/laravel/framework/src/Illuminate/View/View.php(161): Illuminate\\View\\View->renderContents()
#5 /Users/zeeshan/Herd/Companies/TSH/personal-assistant/backend/vendor/laravel/framework/src/Illuminate/Http/Response.php(79): Illuminate\\View\\View->render()
#6 /Users/zeeshan/Herd/Companies/TSH/personal-assistant/backend/vendor/laravel/framework/src/Illuminate/Http/Response.php(35): Illuminate\\Http\\Response->setContent(Object(Illuminate\\View\\View))
#7 /Users/zeeshan/Herd/Companies/TSH/personal-assistant/backend/vendor/laravel/framework/src/Illuminate/Routing/Router.php(920): Illuminate\\Http\\Response->__construct(Object(Illuminate\\View\\View), 200, Array)
#8 /Users/zeeshan/Herd/Companies/TSH/personal-assistant/backend/vendor/laravel/framework/src/Illuminate/Routing/Router.php(887): Illuminate\\Routing\\Router::toResponse(Object(Illuminate\\Http\\Request), Object(Illuminate\\View\\View))
#9 /Users/zeeshan/Herd/Companies/TSH/personal-assistant/backend/vendor/laravel/framework/src/Illuminate/Routing/Router.php(807): Illuminate\\Routing\\Router->prepareResponse(Object(Illuminate\\Http\\Request), Object(Illuminate\\View\\View))
#10 /Users/zeeshan/Herd/Companies/TSH/personal-assistant/backend/vendor/laravel/framework/src/Illuminate/Pipeline/Pipeline.php(170): Illuminate\\Routing\\Router->Illuminate\\Routing\\{closure}(Object(Illuminate\\Http\\Request))
#11 /Users/zeeshan/Herd/Companies/TSH/personal-assistant/backend/vendor/laravel/framework/src/Illuminate/Routing/Middleware/SubstituteBindings.php(51): Illuminate\\Pipeline\\Pipeline->Illuminate\\Pipeline\\{closure}(Object(Illuminate\\Http\\Request))
#12 /Users/zeeshan/Herd/Companies/TSH/personal-assistant/backend/vendor/laravel/framework/src/Illuminate/Pipeline/Pipeline.php(209): Illuminate\\Routing\\Middleware\\SubstituteBindings->handle(Object(Illuminate\\Http\\Request), Object(Closure))
#13 /Users/zeeshan/Herd/Companies/TSH/personal-assistant/backend/vendor/laravel/framework/src/Illuminate/Foundation/Http/Middleware/VerifyCsrfToken.php(88): Illuminate\\Pipeline\\Pipeline->Illuminate\\Pipeline\\{closure}(Object(Illuminate\\Http\\Request))
#14 /Users/zeeshan/Herd/Companies/TSH/personal-assistant/backend/vendor/laravel/framework/src/Illuminate/Pipeline/Pipeline.php(209): Illuminate\\Foundation\\Http\\Middleware\\VerifyCsrfToken->handle(Object(Illuminate\\Http\\Request), Object(Closure))
#15 /Users/zeeshan/Herd/Companies/TSH/personal-assistant/backend/vendor/laravel/framework/src/Illuminate/View/Middleware/ShareErrorsFromSession.php(49): Illuminate\\Pipeline\\Pipeline->Illuminate\\Pipeline\\{closure}(Object(Illuminate\\Http\\Request))
#16 /Users/zeeshan/Herd/Companies/TSH/personal-assistant/backend/vendor/laravel/framework/src/Illuminate/Pipeline/Pipeline.php(209): Illuminate\\View\\Middleware\\ShareErrorsFromSession->handle(Object(Illuminate\\Http\\Request), Object(Closure))
#17 /Users/zeeshan/Herd/Companies/TSH/personal-assistant/backend/vendor/laravel/framework/src/Illuminate/Session/Middleware/StartSession.php(121): Illuminate\\Pipeline\\Pipeline->Illuminate\\Pipeline\\{closure}(Object(Illuminate\\Http\\Request))
#18 /Users/zeeshan/Herd/Companies/TSH/personal-assistant/backend/vendor/laravel/framework/src/Illuminate/Session/Middleware/StartSession.php(64): Illuminate\\Session\\Middleware\\StartSession->handleStatefulRequest(Object(Illuminate\\Http\\Request), Object(Illuminate\\Session\\Store), Object(Closure))
#19 /Users/zeeshan/Herd/Companies/TSH/personal-assistant/backend/vendor/laravel/framework/src/Illuminate/Pipeline/Pipeline.php(209): Illuminate\\Session\\Middleware\\StartSession->handle(Object(Illuminate\\Http\\Request), Object(Closure))
#20 /Users/zeeshan/Herd/Companies/TSH/personal-assistant/backend/vendor/laravel/framework/src/Illuminate/Cookie/Middleware/AddQueuedCookiesToResponse.php(37): Illuminate\\Pipeline\\Pipeline->Illuminate\\Pipeline\\{closure}(Object(Illuminate\\Http\\Request))
#21 /Users/zeeshan/Herd/Companies/TSH/personal-assistant/backend/vendor/laravel/framework/src/Illuminate/Pipeline/Pipeline.php(209): Illuminate\\Cookie\\Middleware\\AddQueuedCookiesToResponse->handle(Object(Illuminate\\Http\\Request), Object(Closure))
#22 /Users/zeeshan/Herd/Companies/TSH/personal-assistant/backend/vendor/laravel/framework/src/Illuminate/Cookie/Middleware/EncryptCookies.php(75): Illuminate\\Pipeline\\Pipeline->Illuminate\\Pipeline\\{closure}(Object(Illuminate\\Http\\Request))
#23 /Users/zeeshan/Herd/Companies/TSH/personal-assistant/backend/vendor/laravel/framework/src/Illuminate/Pipeline/Pipeline.php(209): Illuminate\\Cookie\\Middleware\\EncryptCookies->handle(Object(Illuminate\\Http\\Request), Object(Closure))
#24 /Users/zeeshan/Herd/Companies/TSH/personal-assistant/backend/vendor/laravel/framework/src/Illuminate/Pipeline/Pipeline.php(127): Illuminate\\Pipeline\\Pipeline->Illuminate\\Pipeline\\{closure}(Object(Illuminate\\Http\\Request))
#25 /Users/zeeshan/Herd/Companies/TSH/personal-assistant/backend/vendor/laravel/framework/src/Illuminate/Routing/Router.php(807): Illuminate\\Pipeline\\Pipeline->then(Object(Closure))
#26 /Users/zeeshan/Herd/Companies/TSH/personal-assistant/backend/vendor/laravel/framework/src/Illuminate/Routing/Router.php(786): Illuminate\\Routing\\Router->runRouteWithinStack(Object(Illuminate\\Routing\\Route), Object(Illuminate\\Http\\Request))
#27 /Users/zeeshan/Herd/Companies/TSH/personal-assistant/backend/vendor/laravel/framework/src/Illuminate/Routing/Router.php(750): Illuminate\\Routing\\Router->runRoute(Object(Illuminate\\Http\\Request), Object(Illuminate\\Routing\\Route))
#28 /Users/zeeshan/Herd/Companies/TSH/personal-assistant/backend/vendor/laravel/framework/src/Illuminate/Routing/Router.php(739): Illuminate\\Routing\\Router->dispatchToRoute(Object(Illuminate\\Http\\Request))
#29 /Users/zeeshan/Herd/Companies/TSH/personal-assistant/backend/vendor/laravel/framework/src/Illuminate/Foundation/Http/Kernel.php(201): Illuminate\\Routing\\Router->dispatch(Object(Illuminate\\Http\\Request))
#30 /Users/zeeshan/Herd/Companies/TSH/personal-assistant/backend/vendor/laravel/framework/src/Illuminate/Pipeline/Pipeline.php(170): Illuminate\\Foundation\\Http\\Kernel->Illuminate\\Foundation\\Http\\{closure}(Object(Illuminate\\Http\\Request))
#31 /Users/zeeshan/Herd/Companies/TSH/personal-assistant/backend/vendor/laravel/framework/src/Illuminate/Foundation/Http/Middleware/TransformsRequest.php(21): Illuminate\\Pipeline\\Pipeline->Illuminate\\Pipeline\\{closure}(Object(Illuminate\\Http\\Request))
#32 /Users/zeeshan/Herd/Companies/TSH/personal-assistant/backend/vendor/laravel/framework/src/Illuminate/Foundation/Http/Middleware/ConvertEmptyStringsToNull.php(31): Illuminate\\Foundation\\Http\\Middleware\\TransformsRequest->handle(Object(Illuminate\\Http\\Request), Object(Closure))
#33 /Users/zeeshan/Herd/Companies/TSH/personal-assistant/backend/vendor/laravel/framework/src/Illuminate/Pipeline/Pipeline.php(209): Illuminate\\Foundation\\Http\\Middleware\\ConvertEmptyStringsToNull->handle(Object(Illuminate\\Http\\Request), Object(Closure))
#34 /Users/zeeshan/Herd/Companies/TSH/personal-assistant/backend/vendor/laravel/framework/src/Illuminate/Foundation/Http/Middleware/TransformsRequest.php(21): Illuminate\\Pipeline\\Pipeline->Illuminate\\Pipeline\\{closure}(Object(Illuminate\\Http\\Request))
#35 /Users/zeeshan/Herd/Companies/TSH/personal-assistant/backend/vendor/laravel/framework/src/Illuminate/Foundation/Http/Middleware/TrimStrings.php(51): Illuminate\\Foundation\\Http\\Middleware\\TransformsRequest->handle(Object(Illuminate\\Http\\Request), Object(Closure))
#36 /Users/zeeshan/Herd/Companies/TSH/personal-assistant/backend/vendor/laravel/framework/src/Illuminate/Pipeline/Pipeline.php(209): Illuminate\\Foundation\\Http\\Middleware\\TrimStrings->handle(Object(Illuminate\\Http\\Request), Object(Closure))
#37 /Users/zeeshan/Herd/Companies/TSH/personal-assistant/backend/vendor/laravel/framework/src/Illuminate/Http/Middleware/ValidatePostSize.php(27): Illuminate\\Pipeline\\Pipeline->Illuminate\\Pipeline\\{closure}(Object(Illuminate\\Http\\Request))
#38 /Users/zeeshan/Herd/Companies/TSH/personal-assistant/backend/vendor/laravel/framework/src/Illuminate/Pipeline/Pipeline.php(209): Illuminate\\Http\\Middleware\\ValidatePostSize->handle(Object(Illuminate\\Http\\Request), Object(Closure))
#39 /Users/zeeshan/Herd/Companies/TSH/personal-assistant/backend/vendor/laravel/framework/src/Illuminate/Foundation/Http/Middleware/PreventRequestsDuringMaintenance.php(110): Illuminate\\Pipeline\\Pipeline->Illuminate\\Pipeline\\{closure}(Object(Illuminate\\Http\\Request))
#40 /Users/zeeshan/Herd/Companies/TSH/personal-assistant/backend/vendor/laravel/framework/src/Illuminate/Pipeline/Pipeline.php(209): Illuminate\\Foundation\\Http\\Middleware\\PreventRequestsDuringMaintenance->handle(Object(Illuminate\\Http\\Request), Object(Closure))
#41 /Users/zeeshan/Herd/Companies/TSH/personal-assistant/backend/vendor/laravel/framework/src/Illuminate/Http/Middleware/HandleCors.php(49): Illuminate\\Pipeline\\Pipeline->Illuminate\\Pipeline\\{closure}(Object(Illuminate\\Http\\Request))
#42 /Users/zeeshan/Herd/Companies/TSH/personal-assistant/backend/vendor/laravel/framework/src/Illuminate/Pipeline/Pipeline.php(209): Illuminate\\Http\\Middleware\\HandleCors->handle(Object(Illuminate\\Http\\Request), Object(Closure))
#43 /Users/zeeshan/Herd/Companies/TSH/personal-assistant/backend/vendor/laravel/framework/src/Illuminate/Http/Middleware/TrustProxies.php(58): Illuminate\\Pipeline\\Pipeline->Illuminate\\Pipeline\\{closure}(Object(Illuminate\\Http\\Request))
#44 /Users/zeeshan/Herd/Companies/TSH/personal-assistant/backend/vendor/laravel/framework/src/Illuminate/Pipeline/Pipeline.php(209): Illuminate\\Http\\Middleware\\TrustProxies->handle(Object(Illuminate\\Http\\Request), Object(Closure))
#45 /Users/zeeshan/Herd/Companies/TSH/personal-assistant/backend/vendor/laravel/framework/src/Illuminate/Foundation/Http/Middleware/InvokeDeferredCallbacks.php(22): Illuminate\\Pipeline\\Pipeline->Illuminate\\Pipeline\\{closure}(Object(Illuminate\\Http\\Request))
#46 /Users/zeeshan/Herd/Companies/TSH/personal-assistant/backend/vendor/laravel/framework/src/Illuminate/Pipeline/Pipeline.php(209): Illuminate\\Foundation\\Http\\Middleware\\InvokeDeferredCallbacks->handle(Object(Illuminate\\Http\\Request), Object(Closure))
#47 /Users/zeeshan/Herd/Companies/TSH/personal-assistant/backend/vendor/laravel/framework/src/Illuminate/Pipeline/Pipeline.php(127): Illuminate\\Pipeline\\Pipeline->Illuminate\\Pipeline\\{closure}(Object(Illuminate\\Http\\Request))
#48 /Users/zeeshan/Herd/Companies/TSH/personal-assistant/backend/vendor/laravel/framework/src/Illuminate/Foundation/Http/Kernel.php(176): Illuminate\\Pipeline\\Pipeline->then(Object(Closure))
#49 /Users/zeeshan/Herd/Companies/TSH/personal-assistant/backend/vendor/laravel/framework/src/Illuminate/Foundation/Http/Kernel.php(145): Illuminate\\Foundation\\Http\\Kernel->sendRequestThroughRouter(Object(Illuminate\\Http\\Request))
#50 /Users/zeeshan/Herd/Companies/TSH/personal-assistant/backend/public/index.php(17): Illuminate\\Foundation\\Http\\Kernel->handle(Object(Illuminate\\Http\\Request))
#51 /Users/zeeshan/Herd/Companies/TSH/personal-assistant/backend/vendor/laravel/framework/src/Illuminate/Foundation/resources/server.php(23): require_once('/Users/zeeshan/...')
#52 {main}

[previous exception] [object] (Illuminate\\Foundation\\ViteManifestNotFoundException(code: 0): Vite manifest not found at: /Users/zeeshan/Herd/Companies/TSH/personal-assistant/backend/public/build/manifest.json at /Users/zeeshan/Herd/Companies/TSH/personal-assistant/backend/vendor/laravel/framework/src/Illuminate/Foundation/Vite.php:934)
[stacktrace]
#0 /Users/zeeshan/Herd/Companies/TSH/personal-assistant/backend/vendor/laravel/framework/src/Illuminate/Foundation/Vite.php(384): Illuminate\\Foundation\\Vite->manifest('build')
#1 /Users/zeeshan/Herd/Companies/TSH/personal-assistant/backend/storage/framework/views/16511026ff9f57c5a74a16d44bace125.php(7): Illuminate\\Foundation\\Vite->__invoke(Object(Illuminate\\Support\\Collection))
#2 /Users/zeeshan/Herd/Companies/TSH/personal-assistant/backend/vendor/laravel/framework/src/Illuminate/Filesystem/Filesystem.php(123): require('/Users/zeeshan/...')
#3 /Users/zeeshan/Herd/Companies/TSH/personal-assistant/backend/vendor/laravel/framework/src/Illuminate/Filesystem/Filesystem.php(124): Illuminate\\Filesystem\\Filesystem::Illuminate\\Filesystem\\{closure}()
#4 /Users/zeeshan/Herd/Companies/TSH/personal-assistant/backend/vendor/laravel/framework/src/Illuminate/View/Engines/PhpEngine.php(58): Illuminate\\Filesystem\\Filesystem->getRequire('/Users/zeeshan/...', Array)
#5 /Users/zeeshan/Herd/Companies/TSH/personal-assistant/backend/vendor/laravel/framework/src/Illuminate/View/Engines/CompilerEngine.php(75): Illuminate\\View\\Engines\\PhpEngine->evaluatePath('/Users/zeeshan/...', Array)
#6 /Users/zeeshan/Herd/Companies/TSH/personal-assistant/backend/vendor/laravel/framework/src/Illuminate/View/View.php(209): Illuminate\\View\\Engines\\CompilerEngine->get('/Users/zeeshan/...', Array)
#7 /Users/zeeshan/Herd/Companies/TSH/personal-assistant/backend/vendor/laravel/framework/src/Illuminate/View/View.php(192): Illuminate\\View\\View->getContents()
#8 /Users/zeeshan/Herd/Companies/TSH/personal-assistant/backend/vendor/laravel/framework/src/Illuminate/View/View.php(161): Illuminate\\View\\View->renderContents()
#9 /Users/zeeshan/Herd/Companies/TSH/personal-assistant/backend/vendor/laravel/framework/src/Illuminate/Http/Response.php(79): Illuminate\\View\\View->render()
#10 /Users/zeeshan/Herd/Companies/TSH/personal-assistant/backend/vendor/laravel/framework/src/Illuminate/Http/Response.php(35): Illuminate\\Http\\Response->setContent(Object(Illuminate\\View\\View))
#11 /Users/zeeshan/Herd/Companies/TSH/personal-assistant/backend/vendor/laravel/framework/src/Illuminate/Routing/Router.php(920): Illuminate\\Http\\Response->__construct(Object(Illuminate\\View\\View), 200, Array)
#12 /Users/zeeshan/Herd/Companies/TSH/personal-assistant/backend/vendor/laravel/framework/src/Illuminate/Routing/Router.php(887): Illuminate\\Routing\\Router::toResponse(Object(Illuminate\\Http\\Request), Object(Illuminate\\View\\View))
#13 /Users/zeeshan/Herd/Companies/TSH/personal-assistant/backend/vendor/laravel/framework/src/Illuminate/Routing/Router.php(807): Illuminate\\Routing\\Router->prepareResponse(Object(Illuminate\\Http\\Request), Object(Illuminate\\View\\View))
#14 /Users/zeeshan/Herd/Companies/TSH/personal-assistant/backend/vendor/laravel/framework/src/Illuminate/Pipeline/Pipeline.php(170): Illuminate\\Routing\\Router->Illuminate\\Routing\\{closure}(Object(Illuminate\\Http\\Request))
#15 /Users/zeeshan/Herd/Companies/TSH/personal-assistant/backend/vendor/laravel/framework/src/Illuminate/Routing/Middleware/SubstituteBindings.php(51): Illuminate\\Pipeline\\Pipeline->Illuminate\\Pipeline\\{closure}(Object(Illuminate\\Http\\Request))
#16 /Users/zeeshan/Herd/Companies/TSH/personal-assistant/backend/vendor/laravel/framework/src/Illuminate/Pipeline/Pipeline.php(209): Illuminate\\Routing\\Middleware\\SubstituteBindings->handle(Object(Illuminate\\Http\\Request), Object(Closure))
#17 /Users/zeeshan/Herd/Companies/TSH/personal-assistant/backend/vendor/laravel/framework/src/Illuminate/Foundation/Http/Middleware/VerifyCsrfToken.php(88): Illuminate\\Pipeline\\Pipeline->Illuminate\\Pipeline\\{closure}(Object(Illuminate\\Http\\Request))
#18 /Users/zeeshan/Herd/Companies/TSH/personal-assistant/backend/vendor/laravel/framework/src/Illuminate/Pipeline/Pipeline.php(209): Illuminate\\Foundation\\Http\\Middleware\\VerifyCsrfToken->handle(Object(Illuminate\\Http\\Request), Object(Closure))
#19 /Users/zeeshan/Herd/Companies/TSH/personal-assistant/backend/vendor/laravel/framework/src/Illuminate/View/Middleware/ShareErrorsFromSession.php(49): Illuminate\\Pipeline\\Pipeline->Illuminate\\Pipeline\\{closure}(Object(Illuminate\\Http\\Request))
#20 /Users/zeeshan/Herd/Companies/TSH/personal-assistant/backend/vendor/laravel/framework/src/Illuminate/Pipeline/Pipeline.php(209): Illuminate\\View\\Middleware\\ShareErrorsFromSession->handle(Object(Illuminate\\Http\\Request), Object(Closure))
#21 /Users/zeeshan/Herd/Companies/TSH/personal-assistant/backend/vendor/laravel/framework/src/Illuminate/Session/Middleware/StartSession.php(121): Illuminate\\Pipeline\\Pipeline->Illuminate\\Pipeline\\{closure}(Object(Illuminate\\Http\\Request))
#22 /Users/zeeshan/Herd/Companies/TSH/personal-assistant/backend/vendor/laravel/framework/src/Illuminate/Session/Middleware/StartSession.php(64): Illuminate\\Session\\Middleware\\StartSession->handleStatefulRequest(Object(Illuminate\\Http\\Request), Object(Illuminate\\Session\\Store), Object(Closure))
#23 /Users/zeeshan/Herd/Companies/TSH/personal-assistant/backend/vendor/laravel/framework/src/Illuminate/Pipeline/Pipeline.php(209): Illuminate\\Session\\Middleware\\StartSession->handle(Object(Illuminate\\Http\\Request), Object(Closure))
#24 /Users/zeeshan/Herd/Companies/TSH/personal-assistant/backend/vendor/laravel/framework/src/Illuminate/Cookie/Middleware/AddQueuedCookiesToResponse.php(37): Illuminate\\Pipeline\\Pipeline->Illuminate\\Pipeline\\{closure}(Object(Illuminate\\Http\\Request))
#25 /Users/zeeshan/Herd/Companies/TSH/personal-assistant/backend/vendor/laravel/framework/src/Illuminate/Pipeline/Pipeline.php(209): Illuminate\\Cookie\\Middleware\\AddQueuedCookiesToResponse->handle(Object(Illuminate\\Http\\Request), Object(Closure))
#26 /Users/zeeshan/Herd/Companies/TSH/personal-assistant/backend/vendor/laravel/framework/src/Illuminate/Cookie/Middleware/EncryptCookies.php(75): Illuminate\\Pipeline\\Pipeline->Illuminate\\Pipeline\\{closure}(Object(Illuminate\\Http\\Request))
#27 /Users/zeeshan/Herd/Companies/TSH/personal-assistant/backend/vendor/laravel/framework/src/Illuminate/Pipeline/Pipeline.php(209): Illuminate\\Cookie\\Middleware\\EncryptCookies->handle(Object(Illuminate\\Http\\Request), Object(Closure))
#28 /Users/zeeshan/Herd/Companies/TSH/personal-assistant/backend/vendor/laravel/framework/src/Illuminate/Pipeline/Pipeline.php(127): Illuminate\\Pipeline\\Pipeline->Illuminate\\Pipeline\\{closure}(Object(Illuminate\\Http\\Request))
#29 /Users/zeeshan/Herd/Companies/TSH/personal-assistant/backend/vendor/laravel/framework/src/Illuminate/Routing/Router.php(807): Illuminate\\Pipeline\\Pipeline->then(Object(Closure))
#30 /Users/zeeshan/Herd/Companies/TSH/personal-assistant/backend/vendor/laravel/framework/src/Illuminate/Routing/Router.php(786): Illuminate\\Routing\\Router->runRouteWithinStack(Object(Illuminate\\Routing\\Route), Object(Illuminate\\Http\\Request))
#31 /Users/zeeshan/Herd/Companies/TSH/personal-assistant/backend/vendor/laravel/framework/src/Illuminate/Routing/Router.php(750): Illuminate\\Routing\\Router->runRoute(Object(Illuminate\\Http\\Request), Object(Illuminate\\Routing\\Route))
#32 /Users/zeeshan/Herd/Companies/TSH/personal-assistant/backend/vendor/laravel/framework/src/Illuminate/Routing/Router.php(739): Illuminate\\Routing\\Router->dispatchToRoute(Object(Illuminate\\Http\\Request))
#33 /Users/zeeshan/Herd/Companies/TSH/personal-assistant/backend/vendor/laravel/framework/src/Illuminate/Foundation/Http/Kernel.php(201): Illuminate\\Routing\\Router->dispatch(Object(Illuminate\\Http\\Request))
#34 /Users/zeeshan/Herd/Companies/TSH/personal-assistant/backend/vendor/laravel/framework/src/Illuminate/Pipeline/Pipeline.php(170): Illuminate\\Foundation\\Http\\Kernel->Illuminate\\Foundation\\Http\\{closure}(Object(Illuminate\\Http\\Request))
#35 /Users/zeeshan/Herd/Companies/TSH/personal-assistant/backend/vendor/laravel/framework/src/Illuminate/Foundation/Http/Middleware/TransformsRequest.php(21): Illuminate\\Pipeline\\Pipeline->Illuminate\\Pipeline\\{closure}(Object(Illuminate\\Http\\Request))
#36 /Users/zeeshan/Herd/Companies/TSH/personal-assistant/backend/vendor/laravel/framework/src/Illuminate/Foundation/Http/Middleware/ConvertEmptyStringsToNull.php(31): Illuminate\\Foundation\\Http\\Middleware\\TransformsRequest->handle(Object(Illuminate\\Http\\Request), Object(Closure))
#37 /Users/zeeshan/Herd/Companies/TSH/personal-assistant/backend/vendor/laravel/framework/src/Illuminate/Pipeline/Pipeline.php(209): Illuminate\\Foundation\\Http\\Middleware\\ConvertEmptyStringsToNull->handle(Object(Illuminate\\Http\\Request), Object(Closure))
#38 /Users/zeeshan/Herd/Companies/TSH/personal-assistant/backend/vendor/laravel/framework/src/Illuminate/Foundation/Http/Middleware/TransformsRequest.php(21): Illuminate\\Pipeline\\Pipeline->Illuminate\\Pipeline\\{closure}(Object(Illuminate\\Http\\Request))
#39 /Users/zeeshan/Herd/Companies/TSH/personal-assistant/backend/vendor/laravel/framework/src/Illuminate/Foundation/Http/Middleware/TrimStrings.php(51): Illuminate\\Foundation\\Http\\Middleware\\TransformsRequest->handle(Object(Illuminate\\Http\\Request), Object(Closure))
#40 /Users/zeeshan/Herd/Companies/TSH/personal-assistant/backend/vendor/laravel/framework/src/Illuminate/Pipeline/Pipeline.php(209): Illuminate\\Foundation\\Http\\Middleware\\TrimStrings->handle(Object(Illuminate\\Http\\Request), Object(Closure))
#41 /Users/zeeshan/Herd/Companies/TSH/personal-assistant/backend/vendor/laravel/framework/src/Illuminate/Http/Middleware/ValidatePostSize.php(27): Illuminate\\Pipeline\\Pipeline->Illuminate\\Pipeline\\{closure}(Object(Illuminate\\Http\\Request))
#42 /Users/zeeshan/Herd/Companies/TSH/personal-assistant/backend/vendor/laravel/framework/src/Illuminate/Pipeline/Pipeline.php(209): Illuminate\\Http\\Middleware\\ValidatePostSize->handle(Object(Illuminate\\Http\\Request), Object(Closure))
#43 /Users/zeeshan/Herd/Companies/TSH/personal-assistant/backend/vendor/laravel/framework/src/Illuminate/Foundation/Http/Middleware/PreventRequestsDuringMaintenance.php(110): Illuminate\\Pipeline\\Pipeline->Illuminate\\Pipeline\\{closure}(Object(Illuminate\\Http\\Request))
#44 /Users/zeeshan/Herd/Companies/TSH/personal-assistant/backend/vendor/laravel/framework/src/Illuminate/Pipeline/Pipeline.php(209): Illuminate\\Foundation\\Http\\Middleware\\PreventRequestsDuringMaintenance->handle(Object(Illuminate\\Http\\Request), Object(Closure))
#45 /Users/zeeshan/Herd/Companies/TSH/personal-assistant/backend/vendor/laravel/framework/src/Illuminate/Http/Middleware/HandleCors.php(49): Illuminate\\Pipeline\\Pipeline->Illuminate\\Pipeline\\{closure}(Object(Illuminate\\Http\\Request))
#46 /Users/zeeshan/Herd/Companies/TSH/personal-assistant/backend/vendor/laravel/framework/src/Illuminate/Pipeline/Pipeline.php(209): Illuminate\\Http\\Middleware\\HandleCors->handle(Object(Illuminate\\Http\\Request), Object(Closure))
#47 /Users/zeeshan/Herd/Companies/TSH/personal-assistant/backend/vendor/laravel/framework/src/Illuminate/Http/Middleware/TrustProxies.php(58): Illuminate\\Pipeline\\Pipeline->Illuminate\\Pipeline\\{closure}(Object(Illuminate\\Http\\Request))
#48 /Users/zeeshan/Herd/Companies/TSH/personal-assistant/backend/vendor/laravel/framework/src/Illuminate/Pipeline/Pipeline.php(209): Illuminate\\Http\\Middleware\\TrustProxies->handle(Object(Illuminate\\Http\\Request), Object(Closure))
#49 /Users/zeeshan/Herd/Companies/TSH/personal-assistant/backend/vendor/laravel/framework/src/Illuminate/Foundation/Http/Middleware/InvokeDeferredCallbacks.php(22): Illuminate\\Pipeline\\Pipeline->Illuminate\\Pipeline\\{closure}(Object(Illuminate\\Http\\Request))
#50 /Users/zeeshan/Herd/Companies/TSH/personal-assistant/backend/vendor/laravel/framework/src/Illuminate/Pipeline/Pipeline.php(209): Illuminate\\Foundation\\Http\\Middleware\\InvokeDeferredCallbacks->handle(Object(Illuminate\\Http\\Request), Object(Closure))
#51 /Users/zeeshan/Herd/Companies/TSH/personal-assistant/backend/vendor/laravel/framework/src/Illuminate/Pipeline/Pipeline.php(127): Illuminate\\Pipeline\\Pipeline->Illuminate\\Pipeline\\{closure}(Object(Illuminate\\Http\\Request))
#52 /Users/zeeshan/Herd/Companies/TSH/personal-assistant/backend/vendor/laravel/framework/src/Illuminate/Foundation/Http/Kernel.php(176): Illuminate\\Pipeline\\Pipeline->then(Object(Closure))
#53 /Users/zeeshan/Herd/Companies/TSH/personal-assistant/backend/vendor/laravel/framework/src/Illuminate/Foundation/Http/Kernel.php(145): Illuminate\\Foundation\\Http\\Kernel->sendRequestThroughRouter(Object(Illuminate\\Http\\Request))
#54 /Users/zeeshan/Herd/Companies/TSH/personal-assistant/backend/public/index.php(17): Illuminate\\Foundation\\Http\\Kernel->handle(Object(Illuminate\\Http\\Request))
#55 /Users/zeeshan/Herd/Companies/TSH/personal-assistant/backend/vendor/laravel/framework/src/Illuminate/Foundation/resources/server.php(23): require_once('/Users/zeeshan/...')
#56 {main}
"} 
[2025-12-07 10:32:27] local.ERROR: Vite manifest not found at: /Users/zeeshan/Herd/Companies/TSH/personal-assistant/backend/public/build/manifest.json (View: /Users/zeeshan/Herd/Companies/TSH/personal-assistant/backend/resources/views/app.blade.php) {"exception":"[object] (Illuminate\\View\\ViewException(code: 0): Vite manifest not found at: /Users/zeeshan/Herd/Companies/TSH/personal-assistant/backend/public/build/manifest.json (View: /Users/zeeshan/Herd/Companies/TSH/personal-assistant/backend/resources/views/app.blade.php) at /Users/zeeshan/Herd/Companies/TSH/personal-assistant/backend/vendor/laravel/framework/src/Illuminate/Foundation/Vite.php:934)
[stacktrace]
#0 /Users/zeeshan/Herd/Companies/TSH/personal-assistant/backend/vendor/laravel/framework/src/Illuminate/View/Engines/PhpEngine.php(60): Illuminate\\View\\Engines\\CompilerEngine->handleViewException(Object(Illuminate\\Foundation\\ViteManifestNotFoundException), 1)
#1 /Users/zeeshan/Herd/Companies/TSH/personal-assistant/backend/vendor/laravel/framework/src/Illuminate/View/Engines/CompilerEngine.php(75): Illuminate\\View\\Engines\\PhpEngine->evaluatePath('/Users/zeeshan/...', Array)
#2 /Users/zeeshan/Herd/Companies/TSH/personal-assistant/backend/vendor/laravel/framework/src/Illuminate/View/View.php(209): Illuminate\\View\\Engines\\CompilerEngine->get('/Users/zeeshan/...', Array)
#3 /Users/zeeshan/Herd/Companies/TSH/personal-assistant/backend/vendor/laravel/framework/src/Illuminate/View/View.php(192): Illuminate\\View\\View->getContents()
#4 /Users/zeeshan/Herd/Companies/TSH/personal-assistant/backend/vendor/laravel/framework/src/Illuminate/View/View.php(161): Illuminate\\View\\View->renderContents()
#5 /Users/zeeshan/Herd/Companies/TSH/personal-assistant/backend/vendor/laravel/framework/src/Illuminate/Http/Response.php(79): Illuminate\\View\\View->render()
#6 /Users/zeeshan/Herd/Companies/TSH/personal-assistant/backend/vendor/laravel/framework/src/Illuminate/Http/Response.php(35): Illuminate\\Http\\Response->setContent(Object(Illuminate\\View\\View))
#7 /Users/zeeshan/Herd/Companies/TSH/personal-assistant/backend/vendor/laravel/framework/src/Illuminate/Routing/Router.php(920): Illuminate\\Http\\Response->__construct(Object(Illuminate\\View\\View), 200, Array)
#8 /Users/zeeshan/Herd/Companies/TSH/personal-assistant/backend/vendor/laravel/framework/src/Illuminate/Routing/Router.php(887): Illuminate\\Routing\\Router::toResponse(Object(Illuminate\\Http\\Request), Object(Illuminate\\View\\View))
#9 /Users/zeeshan/Herd/Companies/TSH/personal-assistant/backend/vendor/laravel/framework/src/Illuminate/Routing/Router.php(807): Illuminate\\Routing\\Router->prepareResponse(Object(Illuminate\\Http\\Request), Object(Illuminate\\View\\View))
#10 /Users/zeeshan/Herd/Companies/TSH/personal-assistant/backend/vendor/laravel/framework/src/Illuminate/Pipeline/Pipeline.php(170): Illuminate\\Routing\\Router->Illuminate\\Routing\\{closure}(Object(Illuminate\\Http\\Request))
#11 /Users/zeeshan/Herd/Companies/TSH/personal-assistant/backend/vendor/laravel/framework/src/Illuminate/Routing/Middleware/SubstituteBindings.php(51): Illuminate\\Pipeline\\Pipeline->Illuminate\\Pipeline\\{closure}(Object(Illuminate\\Http\\Request))
#12 /Users/zeeshan/Herd/Companies/TSH/personal-assistant/backend/vendor/laravel/framework/src/Illuminate/Pipeline/Pipeline.php(209): Illuminate\\Routing\\Middleware\\SubstituteBindings->handle(Object(Illuminate\\Http\\Request), Object(Closure))
#13 /Users/zeeshan/Herd/Companies/TSH/personal-assistant/backend/vendor/laravel/framework/src/Illuminate/Foundation/Http/Middleware/VerifyCsrfToken.php(88): Illuminate\\Pipeline\\Pipeline->Illuminate\\Pipeline\\{closure}(Object(Illuminate\\Http\\Request))
#14 /Users/zeeshan/Herd/Companies/TSH/personal-assistant/backend/vendor/laravel/framework/src/Illuminate/Pipeline/Pipeline.php(209): Illuminate\\Foundation\\Http\\Middleware\\VerifyCsrfToken->handle(Object(Illuminate\\Http\\Request), Object(Closure))
#15 /Users/zeeshan/Herd/Companies/TSH/personal-assistant/backend/vendor/laravel/framework/src/Illuminate/View/Middleware/ShareErrorsFromSession.php(49): Illuminate\\Pipeline\\Pipeline->Illuminate\\Pipeline\\{closure}(Object(Illuminate\\Http\\Request))
#16 /Users/zeeshan/Herd/Companies/TSH/personal-assistant/backend/vendor/laravel/framework/src/Illuminate/Pipeline/Pipeline.php(209): Illuminate\\View\\Middleware\\ShareErrorsFromSession->handle(Object(Illuminate\\Http\\Request), Object(Closure))
#17 /Users/zeeshan/Herd/Companies/TSH/personal-assistant/backend/vendor/laravel/framework/src/Illuminate/Session/Middleware/StartSession.php(121): Illuminate\\Pipeline\\Pipeline->Illuminate\\Pipeline\\{closure}(Object(Illuminate\\Http\\Request))
#18 /Users/zeeshan/Herd/Companies/TSH/personal-assistant/backend/vendor/laravel/framework/src/Illuminate/Session/Middleware/StartSession.php(64): Illuminate\\Session\\Middleware\\StartSession->handleStatefulRequest(Object(Illuminate\\Http\\Request), Object(Illuminate\\Session\\Store), Object(Closure))
#19 /Users/zeeshan/Herd/Companies/TSH/personal-assistant/backend/vendor/laravel/framework/src/Illuminate/Pipeline/Pipeline.php(209): Illuminate\\Session\\Middleware\\StartSession->handle(Object(Illuminate\\Http\\Request), Object(Closure))
#20 /Users/zeeshan/Herd/Companies/TSH/personal-assistant/backend/vendor/laravel/framework/src/Illuminate/Cookie/Middleware/AddQueuedCookiesToResponse.php(37): Illuminate\\Pipeline\\Pipeline->Illuminate\\Pipeline\\{closure}(Object(Illuminate\\Http\\Request))
#21 /Users/zeeshan/Herd/Companies/TSH/personal-assistant/backend/vendor/laravel/framework/src/Illuminate/Pipeline/Pipeline.php(209): Illuminate\\Cookie\\Middleware\\AddQueuedCookiesToResponse->handle(Object(Illuminate\\Http\\Request), Object(Closure))
#22 /Users/zeeshan/Herd/Companies/TSH/personal-assistant/backend/vendor/laravel/framework/src/Illuminate/Cookie/Middleware/EncryptCookies.php(75): Illuminate\\Pipeline\\Pipeline->Illuminate\\Pipeline\\{closure}(Object(Illuminate\\Http\\Request))
#23 /Users/zeeshan/Herd/Companies/TSH/personal-assistant/backend/vendor/laravel/framework/src/Illuminate/Pipeline/Pipeline.php(209): Illuminate\\Cookie\\Middleware\\EncryptCookies->handle(Object(Illuminate\\Http\\Request), Object(Closure))
#24 /Users/zeeshan/Herd/Companies/TSH/personal-assistant/backend/vendor/laravel/framework/src/Illuminate/Pipeline/Pipeline.php(127): Illuminate\\Pipeline\\Pipeline->Illuminate\\Pipeline\\{closure}(Object(Illuminate\\Http\\Request))
#25 /Users/zeeshan/Herd/Companies/TSH/personal-assistant/backend/vendor/laravel/framework/src/Illuminate/Routing/Router.php(807): Illuminate\\Pipeline\\Pipeline->then(Object(Closure))
#26 /Users/zeeshan/Herd/Companies/TSH/personal-assistant/backend/vendor/laravel/framework/src/Illuminate/Routing/Router.php(786): Illuminate\\Routing\\Router->runRouteWithinStack(Object(Illuminate\\Routing\\Route), Object(Illuminate\\Http\\Request))
#27 /Users/zeeshan/Herd/Companies/TSH/personal-assistant/backend/vendor/laravel/framework/src/Illuminate/Routing/Router.php(750): Illuminate\\Routing\\Router->runRoute(Object(Illuminate\\Http\\Request), Object(Illuminate\\Routing\\Route))
#28 /Users/zeeshan/Herd/Companies/TSH/personal-assistant/backend/vendor/laravel/framework/src/Illuminate/Routing/Router.php(739): Illuminate\\Routing\\Router->dispatchToRoute(Object(Illuminate\\Http\\Request))
#29 /Users/zeeshan/Herd/Companies/TSH/personal-assistant/backend/vendor/laravel/framework/src/Illuminate/Foundation/Http/Kernel.php(201): Illuminate\\Routing\\Router->dispatch(Object(Illuminate\\Http\\Request))
#30 /Users/zeeshan/Herd/Companies/TSH/personal-assistant/backend/vendor/laravel/framework/src/Illuminate/Pipeline/Pipeline.php(170): Illuminate\\Foundation\\Http\\Kernel->Illuminate\\Foundation\\Http\\{closure}(Object(Illuminate\\Http\\Request))
#31 /Users/zeeshan/Herd/Companies/TSH/personal-assistant/backend/vendor/laravel/framework/src/Illuminate/Foundation/Http/Middleware/TransformsRequest.php(21): Illuminate\\Pipeline\\Pipeline->Illuminate\\Pipeline\\{closure}(Object(Illuminate\\Http\\Request))
#32 /Users/zeeshan/Herd/Companies/TSH/personal-assistant/backend/vendor/laravel/framework/src/Illuminate/Foundation/Http/Middleware/ConvertEmptyStringsToNull.php(31): Illuminate\\Foundation\\Http\\Middleware\\TransformsRequest->handle(Object(Illuminate\\Http\\Request), Object(Closure))
#33 /Users/zeeshan/Herd/Companies/TSH/personal-assistant/backend/vendor/laravel/framework/src/Illuminate/Pipeline/Pipeline.php(209): Illuminate\\Foundation\\Http\\Middleware\\ConvertEmptyStringsToNull->handle(Object(Illuminate\\Http\\Request), Object(Closure))
#34 /Users/zeeshan/Herd/Companies/TSH/personal-assistant/backend/vendor/laravel/framework/src/Illuminate/Foundation/Http/Middleware/TransformsRequest.php(21): Illuminate\\Pipeline\\Pipeline->Illuminate\\Pipeline\\{closure}(Object(Illuminate\\Http\\Request))
#35 /Users/zeeshan/Herd/Companies/TSH/personal-assistant/backend/vendor/laravel/framework/src/Illuminate/Foundation/Http/Middleware/TrimStrings.php(51): Illuminate\\Foundation\\Http\\Middleware\\TransformsRequest->handle(Object(Illuminate\\Http\\Request), Object(Closure))
#36 /Users/zeeshan/Herd/Companies/TSH/personal-assistant/backend/vendor/laravel/framework/src/Illuminate/Pipeline/Pipeline.php(209): Illuminate\\Foundation\\Http\\Middleware\\TrimStrings->handle(Object(Illuminate\\Http\\Request), Object(Closure))
#37 /Users/zeeshan/Herd/Companies/TSH/personal-assistant/backend/vendor/laravel/framework/src/Illuminate/Http/Middleware/ValidatePostSize.php(27): Illuminate\\Pipeline\\Pipeline->Illuminate\\Pipeline\\{closure}(Object(Illuminate\\Http\\Request))
#38 /Users/zeeshan/Herd/Companies/TSH/personal-assistant/backend/vendor/laravel/framework/src/Illuminate/Pipeline/Pipeline.php(209): Illuminate\\Http\\Middleware\\ValidatePostSize->handle(Object(Illuminate\\Http\\Request), Object(Closure))
#39 /Users/zeeshan/Herd/Companies/TSH/personal-assistant/backend/vendor/laravel/framework/src/Illuminate/Foundation/Http/Middleware/PreventRequestsDuringMaintenance.php(110): Illuminate\\Pipeline\\Pipeline->Illuminate\\Pipeline\\{closure}(Object(Illuminate\\Http\\Request))
#40 /Users/zeeshan/Herd/Companies/TSH/personal-assistant/backend/vendor/laravel/framework/src/Illuminate/Pipeline/Pipeline.php(209): Illuminate\\Foundation\\Http\\Middleware\\PreventRequestsDuringMaintenance->handle(Object(Illuminate\\Http\\Request), Object(Closure))
#41 /Users/zeeshan/Herd/Companies/TSH/personal-assistant/backend/vendor/laravel/framework/src/Illuminate/Http/Middleware/HandleCors.php(49): Illuminate\\Pipeline\\Pipeline->Illuminate\\Pipeline\\{closure}(Object(Illuminate\\Http\\Request))
#42 /Users/zeeshan/Herd/Companies/TSH/personal-assistant/backend/vendor/laravel/framework/src/Illuminate/Pipeline/Pipeline.php(209): Illuminate\\Http\\Middleware\\HandleCors->handle(Object(Illuminate\\Http\\Request), Object(Closure))
#43 /Users/zeeshan/Herd/Companies/TSH/personal-assistant/backend/vendor/laravel/framework/src/Illuminate/Http/Middleware/TrustProxies.php(58): Illuminate\\Pipeline\\Pipeline->Illuminate\\Pipeline\\{closure}(Object(Illuminate\\Http\\Request))
#44 /Users/zeeshan/Herd/Companies/TSH/personal-assistant/backend/vendor/laravel/framework/src/Illuminate/Pipeline/Pipeline.php(209): Illuminate\\Http\\Middleware\\TrustProxies->handle(Object(Illuminate\\Http\\Request), Object(Closure))
#45 /Users/zeeshan/Herd/Companies/TSH/personal-assistant/backend/vendor/laravel/framework/src/Illuminate/Foundation/Http/Middleware/InvokeDeferredCallbacks.php(22): Illuminate\\Pipeline\\Pipeline->Illuminate\\Pipeline\\{closure}(Object(Illuminate\\Http\\Request))
#46 /Users/zeeshan/Herd/Companies/TSH/personal-assistant/backend/vendor/laravel/framework/src/Illuminate/Pipeline/Pipeline.php(209): Illuminate\\Foundation\\Http\\Middleware\\InvokeDeferredCallbacks->handle(Object(Illuminate\\Http\\Request), Object(Closure))
#47 /Users/zeeshan/Herd/Companies/TSH/personal-assistant/backend/vendor/laravel/framework/src/Illuminate/Pipeline/Pipeline.php(127): Illuminate\\Pipeline\\Pipeline->Illuminate\\Pipeline\\{closure}(Object(Illuminate\\Http\\Request))
#48 /Users/zeeshan/Herd/Companies/TSH/personal-assistant/backend/vendor/laravel/framework/src/Illuminate/Foundation/Http/Kernel.php(176): Illuminate\\Pipeline\\Pipeline->then(Object(Closure))
#49 /Users/zeeshan/Herd/Companies/TSH/personal-assistant/backend/vendor/laravel/framework/src/Illuminate/Foundation/Http/Kernel.php(145): Illuminate\\Foundation\\Http\\Kernel->sendRequestThroughRouter(Object(Illuminate\\Http\\Request))
#50 /Users/zeeshan/Herd/Companies/TSH/personal-assistant/backend/public/index.php(17): Illuminate\\Foundation\\Http\\Kernel->handle(Object(Illuminate\\Http\\Request))
#51 /Users/zeeshan/Herd/Companies/TSH/personal-assistant/backend/vendor/laravel/framework/src/Illuminate/Foundation/resources/server.php(23): require_once('/Users/zeeshan/...')
#52 {main}

[previous exception] [object] (Illuminate\\Foundation\\ViteManifestNotFoundException(code: 0): Vite manifest not found at: /Users/zeeshan/Herd/Companies/TSH/personal-assistant/backend/public/build/manifest.json at /Users/zeeshan/Herd/Companies/TSH/personal-assistant/backend/vendor/laravel/framework/src/Illuminate/Foundation/Vite.php:934)
[stacktrace]
#0 /Users/zeeshan/Herd/Companies/TSH/personal-assistant/backend/vendor/laravel/framework/src/Illuminate/Foundation/Vite.php(384): Illuminate\\Foundation\\Vite->manifest('build')
#1 /Users/zeeshan/Herd/Companies/TSH/personal-assistant/backend/storage/framework/views/16511026ff9f57c5a74a16d44bace125.php(7): Illuminate\\Foundation\\Vite->__invoke(Object(Illuminate\\Support\\Collection))
#2 /Users/zeeshan/Herd/Companies/TSH/personal-assistant/backend/vendor/laravel/framework/src/Illuminate/Filesystem/Filesystem.php(123): require('/Users/zeeshan/...')
#3 /Users/zeeshan/Herd/Companies/TSH/personal-assistant/backend/vendor/laravel/framework/src/Illuminate/Filesystem/Filesystem.php(124): Illuminate\\Filesystem\\Filesystem::Illuminate\\Filesystem\\{closure}()
#4 /Users/zeeshan/Herd/Companies/TSH/personal-assistant/backend/vendor/laravel/framework/src/Illuminate/View/Engines/PhpEngine.php(58): Illuminate\\Filesystem\\Filesystem->getRequire('/Users/zeeshan/...', Array)
#5 /Users/zeeshan/Herd/Companies/TSH/personal-assistant/backend/vendor/laravel/framework/src/Illuminate/View/Engines/CompilerEngine.php(75): Illuminate\\View\\Engines\\PhpEngine->evaluatePath('/Users/zeeshan/...', Array)
#6 /Users/zeeshan/Herd/Companies/TSH/personal-assistant/backend/vendor/laravel/framework/src/Illuminate/View/View.php(209): Illuminate\\View\\Engines\\CompilerEngine->get('/Users/zeeshan/...', Array)
#7 /Users/zeeshan/Herd/Companies/TSH/personal-assistant/backend/vendor/laravel/framework/src/Illuminate/View/View.php(192): Illuminate\\View\\View->getContents()
#8 /Users/zeeshan/Herd/Companies/TSH/personal-assistant/backend/vendor/laravel/framework/src/Illuminate/View/View.php(161): Illuminate\\View\\View->renderContents()
#9 /Users/zeeshan/Herd/Companies/TSH/personal-assistant/backend/vendor/laravel/framework/src/Illuminate/Http/Response.php(79): Illuminate\\View\\View->render()
#10 /Users/zeeshan/Herd/Companies/TSH/personal-assistant/backend/vendor/laravel/framework/src/Illuminate/Http/Response.php(35): Illuminate\\Http\\Response->setContent(Object(Illuminate\\View\\View))
#11 /Users/zeeshan/Herd/Companies/TSH/personal-assistant/backend/vendor/laravel/framework/src/Illuminate/Routing/Router.php(920): Illuminate\\Http\\Response->__construct(Object(Illuminate\\View\\View), 200, Array)
#12 /Users/zeeshan/Herd/Companies/TSH/personal-assistant/backend/vendor/laravel/framework/src/Illuminate/Routing/Router.php(887): Illuminate\\Routing\\Router::toResponse(Object(Illuminate\\Http\\Request), Object(Illuminate\\View\\View))
#13 /Users/zeeshan/Herd/Companies/TSH/personal-assistant/backend/vendor/laravel/framework/src/Illuminate/Routing/Router.php(807): Illuminate\\Routing\\Router->prepareResponse(Object(Illuminate\\Http\\Request), Object(Illuminate\\View\\View))
#14 /Users/zeeshan/Herd/Companies/TSH/personal-assistant/backend/vendor/laravel/framework/src/Illuminate/Pipeline/Pipeline.php(170): Illuminate\\Routing\\Router->Illuminate\\Routing\\{closure}(Object(Illuminate\\Http\\Request))
#15 /Users/zeeshan/Herd/Companies/TSH/personal-assistant/backend/vendor/laravel/framework/src/Illuminate/Routing/Middleware/SubstituteBindings.php(51): Illuminate\\Pipeline\\Pipeline->Illuminate\\Pipeline\\{closure}(Object(Illuminate\\Http\\Request))
#16 /Users/zeeshan/Herd/Companies/TSH/personal-assistant/backend/vendor/laravel/framework/src/Illuminate/Pipeline/Pipeline.php(209): Illuminate\\Routing\\Middleware\\SubstituteBindings->handle(Object(Illuminate\\Http\\Request), Object(Closure))
#17 /Users/zeeshan/Herd/Companies/TSH/personal-assistant/backend/vendor/laravel/framework/src/Illuminate/Foundation/Http/Middleware/VerifyCsrfToken.php(88): Illuminate\\Pipeline\\Pipeline->Illuminate\\Pipeline\\{closure}(Object(Illuminate\\Http\\Request))
#18 /Users/zeeshan/Herd/Companies/TSH/personal-assistant/backend/vendor/laravel/framework/src/Illuminate/Pipeline/Pipeline.php(209): Illuminate\\Foundation\\Http\\Middleware\\VerifyCsrfToken->handle(Object(Illuminate\\Http\\Request), Object(Closure))
#19 /Users/zeeshan/Herd/Companies/TSH/personal-assistant/backend/vendor/laravel/framework/src/Illuminate/View/Middleware/ShareErrorsFromSession.php(49): Illuminate\\Pipeline\\Pipeline->Illuminate\\Pipeline\\{closure}(Object(Illuminate\\Http\\Request))
#20 /Users/zeeshan/Herd/Companies/TSH/personal-assistant/backend/vendor/laravel/framework/src/Illuminate/Pipeline/Pipeline.php(209): Illuminate\\View\\Middleware\\ShareErrorsFromSession->handle(Object(Illuminate\\Http\\Request), Object(Closure))
#21 /Users/zeeshan/Herd/Companies/TSH/personal-assistant/backend/vendor/laravel/framework/src/Illuminate/Session/Middleware/StartSession.php(121): Illuminate\\Pipeline\\Pipeline->Illuminate\\Pipeline\\{closure}(Object(Illuminate\\Http\\Request))
#22 /Users/zeeshan/Herd/Companies/TSH/personal-assistant/backend/vendor/laravel/framework/src/Illuminate/Session/Middleware/StartSession.php(64): Illuminate\\Session\\Middleware\\StartSession->handleStatefulRequest(Object(Illuminate\\Http\\Request), Object(Illuminate\\Session\\Store), Object(Closure))
#23 /Users/zeeshan/Herd/Companies/TSH/personal-assistant/backend/vendor/laravel/framework/src/Illuminate/Pipeline/Pipeline.php(209): Illuminate\\Session\\Middleware\\StartSession->handle(Object(Illuminate\\Http\\Request), Object(Closure))
#24 /Users/zeeshan/Herd/Companies/TSH/personal-assistant/backend/vendor/laravel/framework/src/Illuminate/Cookie/Middleware/AddQueuedCookiesToResponse.php(37): Illuminate\\Pipeline\\Pipeline->Illuminate\\Pipeline\\{closure}(Object(Illuminate\\Http\\Request))
#25 /Users/zeeshan/Herd/Companies/TSH/personal-assistant/backend/vendor/laravel/framework/src/Illuminate/Pipeline/Pipeline.php(209): Illuminate\\Cookie\\Middleware\\AddQueuedCookiesToResponse->handle(Object(Illuminate\\Http\\Request), Object(Closure))
#26 /Users/zeeshan/Herd/Companies/TSH/personal-assistant/backend/vendor/laravel/framework/src/Illuminate/Cookie/Middleware/EncryptCookies.php(75): Illuminate\\Pipeline\\Pipeline->Illuminate\\Pipeline\\{closure}(Object(Illuminate\\Http\\Request))
#27 /Users/zeeshan/Herd/Companies/TSH/personal-assistant/backend/vendor/laravel/framework/src/Illuminate/Pipeline/Pipeline.php(209): Illuminate\\Cookie\\Middleware\\EncryptCookies->handle(Object(Illuminate\\Http\\Request), Object(Closure))
#28 /Users/zeeshan/Herd/Companies/TSH/personal-assistant/backend/vendor/laravel/framework/src/Illuminate/Pipeline/Pipeline.php(127): Illuminate\\Pipeline\\Pipeline->Illuminate\\Pipeline\\{closure}(Object(Illuminate\\Http\\Request))
#29 /Users/zeeshan/Herd/Companies/TSH/personal-assistant/backend/vendor/laravel/framework/src/Illuminate/Routing/Router.php(807): Illuminate\\Pipeline\\Pipeline->then(Object(Closure))
#30 /Users/zeeshan/Herd/Companies/TSH/personal-assistant/backend/vendor/laravel/framework/src/Illuminate/Routing/Router.php(786): Illuminate\\Routing\\Router->runRouteWithinStack(Object(Illuminate\\Routing\\Route), Object(Illuminate\\Http\\Request))
#31 /Users/zeeshan/Herd/Companies/TSH/personal-assistant/backend/vendor/laravel/framework/src/Illuminate/Routing/Router.php(750): Illuminate\\Routing\\Router->runRoute(Object(Illuminate\\Http\\Request), Object(Illuminate\\Routing\\Route))
#32 /Users/zeeshan/Herd/Companies/TSH/personal-assistant/backend/vendor/laravel/framework/src/Illuminate/Routing/Router.php(739): Illuminate\\Routing\\Router->dispatchToRoute(Object(Illuminate\\Http\\Request))
#33 /Users/zeeshan/Herd/Companies/TSH/personal-assistant/backend/vendor/laravel/framework/src/Illuminate/Foundation/Http/Kernel.php(201): Illuminate\\Routing\\Router->dispatch(Object(Illuminate\\Http\\Request))
#34 /Users/zeeshan/Herd/Companies/TSH/personal-assistant/backend/vendor/laravel/framework/src/Illuminate/Pipeline/Pipeline.php(170): Illuminate\\Foundation\\Http\\Kernel->Illuminate\\Foundation\\Http\\{closure}(Object(Illuminate\\Http\\Request))
#35 /Users/zeeshan/Herd/Companies/TSH/personal-assistant/backend/vendor/laravel/framework/src/Illuminate/Foundation/Http/Middleware/TransformsRequest.php(21): Illuminate\\Pipeline\\Pipeline->Illuminate\\Pipeline\\{closure}(Object(Illuminate\\Http\\Request))
#36 /Users/zeeshan/Herd/Companies/TSH/personal-assistant/backend/vendor/laravel/framework/src/Illuminate/Foundation/Http/Middleware/ConvertEmptyStringsToNull.php(31): Illuminate\\Foundation\\Http\\Middleware\\TransformsRequest->handle(Object(Illuminate\\Http\\Request), Object(Closure))
#37 /Users/zeeshan/Herd/Companies/TSH/personal-assistant/backend/vendor/laravel/framework/src/Illuminate/Pipeline/Pipeline.php(209): Illuminate\\Foundation\\Http\\Middleware\\ConvertEmptyStringsToNull->handle(Object(Illuminate\\Http\\Request), Object(Closure))
#38 /Users/zeeshan/Herd/Companies/TSH/personal-assistant/backend/vendor/laravel/framework/src/Illuminate/Foundation/Http/Middleware/TransformsRequest.php(21): Illuminate\\Pipeline\\Pipeline->Illuminate\\Pipeline\\{closure}(Object(Illuminate\\Http\\Request))
#39 /Users/zeeshan/Herd/Companies/TSH/personal-assistant/backend/vendor/laravel/framework/src/Illuminate/Foundation/Http/Middleware/TrimStrings.php(51): Illuminate\\Foundation\\Http\\Middleware\\TransformsRequest->handle(Object(Illuminate\\Http\\Request), Object(Closure))
#40 /Users/zeeshan/Herd/Companies/TSH/personal-assistant/backend/vendor/laravel/framework/src/Illuminate/Pipeline/Pipeline.php(209): Illuminate\\Foundation\\Http\\Middleware\\TrimStrings->handle(Object(Illuminate\\Http\\Request), Object(Closure))
#41 /Users/zeeshan/Herd/Companies/TSH/personal-assistant/backend/vendor/laravel/framework/src/Illuminate/Http/Middleware/ValidatePostSize.php(27): Illuminate\\Pipeline\\Pipeline->Illuminate\\Pipeline\\{closure}(Object(Illuminate\\Http\\Request))
#42 /Users/zeeshan/Herd/Companies/TSH/personal-assistant/backend/vendor/laravel/framework/src/Illuminate/Pipeline/Pipeline.php(209): Illuminate\\Http\\Middleware\\ValidatePostSize->handle(Object(Illuminate\\Http\\Request), Object(Closure))
#43 /Users/zeeshan/Herd/Companies/TSH/personal-assistant/backend/vendor/laravel/framework/src/Illuminate/Foundation/Http/Middleware/PreventRequestsDuringMaintenance.php(110): Illuminate\\Pipeline\\Pipeline->Illuminate\\Pipeline\\{closure}(Object(Illuminate\\Http\\Request))
#44 /Users/zeeshan/Herd/Companies/TSH/personal-assistant/backend/vendor/laravel/framework/src/Illuminate/Pipeline/Pipeline.php(209): Illuminate\\Foundation\\Http\\Middleware\\PreventRequestsDuringMaintenance->handle(Object(Illuminate\\Http\\Request), Object(Closure))
#45 /Users/zeeshan/Herd/Companies/TSH/personal-assistant/backend/vendor/laravel/framework/src/Illuminate/Http/Middleware/HandleCors.php(49): Illuminate\\Pipeline\\Pipeline->Illuminate\\Pipeline\\{closure}(Object(Illuminate\\Http\\Request))
#46 /Users/zeeshan/Herd/Companies/TSH/personal-assistant/backend/vendor/laravel/framework/src/Illuminate/Pipeline/Pipeline.php(209): Illuminate\\Http\\Middleware\\HandleCors->handle(Object(Illuminate\\Http\\Request), Object(Closure))
#47 /Users/zeeshan/Herd/Companies/TSH/personal-assistant/backend/vendor/laravel/framework/src/Illuminate/Http/Middleware/TrustProxies.php(58): Illuminate\\Pipeline\\Pipeline->Illuminate\\Pipeline\\{closure}(Object(Illuminate\\Http\\Request))
#48 /Users/zeeshan/Herd/Companies/TSH/personal-assistant/backend/vendor/laravel/framework/src/Illuminate/Pipeline/Pipeline.php(209): Illuminate\\Http\\Middleware\\TrustProxies->handle(Object(Illuminate\\Http\\Request), Object(Closure))
#49 /Users/zeeshan/Herd/Companies/TSH/personal-assistant/backend/vendor/laravel/framework/src/Illuminate/Foundation/Http/Middleware/InvokeDeferredCallbacks.php(22): Illuminate\\Pipeline\\Pipeline->Illuminate\\Pipeline\\{closure}(Object(Illuminate\\Http\\Request))
#50 /Users/zeeshan/Herd/Companies/TSH/personal-assistant/backend/vendor/laravel/framework/src/Illuminate/Pipeline/Pipeline.php(209): Illuminate\\Foundation\\Http\\Middleware\\InvokeDeferredCallbacks->handle(Object(Illuminate\\Http\\Request), Object(Closure))
#51 /Users/zeeshan/Herd/Companies/TSH/personal-assistant/backend/vendor/laravel/framework/src/Illuminate/Pipeline/Pipeline.php(127): Illuminate\\Pipeline\\Pipeline->Illuminate\\Pipeline\\{closure}(Object(Illuminate\\Http\\Request))
#52 /Users/zeeshan/Herd/Companies/TSH/personal-assistant/backend/vendor/laravel/framework/src/Illuminate/Foundation/Http/Kernel.php(176): Illuminate\\Pipeline\\Pipeline->then(Object(Closure))
#53 /Users/zeeshan/Herd/Companies/TSH/personal-assistant/backend/vendor/laravel/framework/src/Illuminate/Foundation/Http/Kernel.php(145): Illuminate\\Foundation\\Http\\Kernel->sendRequestThroughRouter(Object(Illuminate\\Http\\Request))
#54 /Users/zeeshan/Herd/Companies/TSH/personal-assistant/backend/public/index.php(17): Illuminate\\Foundation\\Http\\Kernel->handle(Object(Illuminate\\Http\\Request))
#55 /Users/zeeshan/Herd/Companies/TSH/personal-assistant/backend/vendor/laravel/framework/src/Illuminate/Foundation/resources/server.php(23): require_once('/Users/zeeshan/...')
#56 {main}
"} 
[2025-12-07 10:32:29] local.ERROR: Vite manifest not found at: /Users/zeeshan/Herd/Companies/TSH/personal-assistant/backend/public/build/manifest.json (View: /Users/zeeshan/Herd/Companies/TSH/personal-assistant/backend/resources/views/app.blade.php) {"exception":"[object] (Illuminate\\View\\ViewException(code: 0): Vite manifest not found at: /Users/zeeshan/Herd/Companies/TSH/personal-assistant/backend/public/build/manifest.json (View: /Users/zeeshan/Herd/Companies/TSH/personal-assistant/backend/resources/views/app.blade.php) at /Users/zeeshan/Herd/Companies/TSH/personal-assistant/backend/vendor/laravel/framework/src/Illuminate/Foundation/Vite.php:934)
[stacktrace]
#0 /Users/zeeshan/Herd/Companies/TSH/personal-assistant/backend/vendor/laravel/framework/src/Illuminate/View/Engines/PhpEngine.php(60): Illuminate\\View\\Engines\\CompilerEngine->handleViewException(Object(Illuminate\\Foundation\\ViteManifestNotFoundException), 1)
#1 /Users/zeeshan/Herd/Companies/TSH/personal-assistant/backend/vendor/laravel/framework/src/Illuminate/View/Engines/CompilerEngine.php(75): Illuminate\\View\\Engines\\PhpEngine->evaluatePath('/Users/zeeshan/...', Array)
#2 /Users/zeeshan/Herd/Companies/TSH/personal-assistant/backend/vendor/laravel/framework/src/Illuminate/View/View.php(209): Illuminate\\View\\Engines\\CompilerEngine->get('/Users/zeeshan/...', Array)
#3 /Users/zeeshan/Herd/Companies/TSH/personal-assistant/backend/vendor/laravel/framework/src/Illuminate/View/View.php(192): Illuminate\\View\\View->getContents()
#4 /Users/zeeshan/Herd/Companies/TSH/personal-assistant/backend/vendor/laravel/framework/src/Illuminate/View/View.php(161): Illuminate\\View\\View->renderContents()
#5 /Users/zeeshan/Herd/Companies/TSH/personal-assistant/backend/vendor/laravel/framework/src/Illuminate/Http/Response.php(79): Illuminate\\View\\View->render()
#6 /Users/zeeshan/Herd/Companies/TSH/personal-assistant/backend/vendor/laravel/framework/src/Illuminate/Http/Response.php(35): Illuminate\\Http\\Response->setContent(Object(Illuminate\\View\\View))
#7 /Users/zeeshan/Herd/Companies/TSH/personal-assistant/backend/vendor/laravel/framework/src/Illuminate/Routing/Router.php(920): Illuminate\\Http\\Response->__construct(Object(Illuminate\\View\\View), 200, Array)
#8 /Users/zeeshan/Herd/Companies/TSH/personal-assistant/backend/vendor/laravel/framework/src/Illuminate/Routing/Router.php(887): Illuminate\\Routing\\Router::toResponse(Object(Illuminate\\Http\\Request), Object(Illuminate\\View\\View))
#9 /Users/zeeshan/Herd/Companies/TSH/personal-assistant/backend/vendor/laravel/framework/src/Illuminate/Routing/Router.php(807): Illuminate\\Routing\\Router->prepareResponse(Object(Illuminate\\Http\\Request), Object(Illuminate\\View\\View))
#10 /Users/zeeshan/Herd/Companies/TSH/personal-assistant/backend/vendor/laravel/framework/src/Illuminate/Pipeline/Pipeline.php(170): Illuminate\\Routing\\Router->Illuminate\\Routing\\{closure}(Object(Illuminate\\Http\\Request))
#11 /Users/zeeshan/Herd/Companies/TSH/personal-assistant/backend/vendor/laravel/framework/src/Illuminate/Routing/Middleware/SubstituteBindings.php(51): Illuminate\\Pipeline\\Pipeline->Illuminate\\Pipeline\\{closure}(Object(Illuminate\\Http\\Request))
#12 /Users/zeeshan/Herd/Companies/TSH/personal-assistant/backend/vendor/laravel/framework/src/Illuminate/Pipeline/Pipeline.php(209): Illuminate\\Routing\\Middleware\\SubstituteBindings->handle(Object(Illuminate\\Http\\Request), Object(Closure))
#13 /Users/zeeshan/Herd/Companies/TSH/personal-assistant/backend/vendor/laravel/framework/src/Illuminate/Foundation/Http/Middleware/VerifyCsrfToken.php(88): Illuminate\\Pipeline\\Pipeline->Illuminate\\Pipeline\\{closure}(Object(Illuminate\\Http\\Request))
#14 /Users/zeeshan/Herd/Companies/TSH/personal-assistant/backend/vendor/laravel/framework/src/Illuminate/Pipeline/Pipeline.php(209): Illuminate\\Foundation\\Http\\Middleware\\VerifyCsrfToken->handle(Object(Illuminate\\Http\\Request), Object(Closure))
#15 /Users/zeeshan/Herd/Companies/TSH/personal-assistant/backend/vendor/laravel/framework/src/Illuminate/View/Middleware/ShareErrorsFromSession.php(49): Illuminate\\Pipeline\\Pipeline->Illuminate\\Pipeline\\{closure}(Object(Illuminate\\Http\\Request))
#16 /Users/zeeshan/Herd/Companies/TSH/personal-assistant/backend/vendor/laravel/framework/src/Illuminate/Pipeline/Pipeline.php(209): Illuminate\\View\\Middleware\\ShareErrorsFromSession->handle(Object(Illuminate\\Http\\Request), Object(Closure))
#17 /Users/zeeshan/Herd/Companies/TSH/personal-assistant/backend/vendor/laravel/framework/src/Illuminate/Session/Middleware/StartSession.php(121): Illuminate\\Pipeline\\Pipeline->Illuminate\\Pipeline\\{closure}(Object(Illuminate\\Http\\Request))
#18 /Users/zeeshan/Herd/Companies/TSH/personal-assistant/backend/vendor/laravel/framework/src/Illuminate/Session/Middleware/StartSession.php(64): Illuminate\\Session\\Middleware\\StartSession->handleStatefulRequest(Object(Illuminate\\Http\\Request), Object(Illuminate\\Session\\Store), Object(Closure))
#19 /Users/zeeshan/Herd/Companies/TSH/personal-assistant/backend/vendor/laravel/framework/src/Illuminate/Pipeline/Pipeline.php(209): Illuminate\\Session\\Middleware\\StartSession->handle(Object(Illuminate\\Http\\Request), Object(Closure))
#20 /Users/zeeshan/Herd/Companies/TSH/personal-assistant/backend/vendor/laravel/framework/src/Illuminate/Cookie/Middleware/AddQueuedCookiesToResponse.php(37): Illuminate\\Pipeline\\Pipeline->Illuminate\\Pipeline\\{closure}(Object(Illuminate\\Http\\Request))
#21 /Users/zeeshan/Herd/Companies/TSH/personal-assistant/backend/vendor/laravel/framework/src/Illuminate/Pipeline/Pipeline.php(209): Illuminate\\Cookie\\Middleware\\AddQueuedCookiesToResponse->handle(Object(Illuminate\\Http\\Request), Object(Closure))
#22 /Users/zeeshan/Herd/Companies/TSH/personal-assistant/backend/vendor/laravel/framework/src/Illuminate/Cookie/Middleware/EncryptCookies.php(75): Illuminate\\Pipeline\\Pipeline->Illuminate\\Pipeline\\{closure}(Object(Illuminate\\Http\\Request))
#23 /Users/zeeshan/Herd/Companies/TSH/personal-assistant/backend/vendor/laravel/framework/src/Illuminate/Pipeline/Pipeline.php(209): Illuminate\\Cookie\\Middleware\\EncryptCookies->handle(Object(Illuminate\\Http\\Request), Object(Closure))
#24 /Users/zeeshan/Herd/Companies/TSH/personal-assistant/backend/vendor/laravel/framework/src/Illuminate/Pipeline/Pipeline.php(127): Illuminate\\Pipeline\\Pipeline->Illuminate\\Pipeline\\{closure}(Object(Illuminate\\Http\\Request))
#25 /Users/zeeshan/Herd/Companies/TSH/personal-assistant/backend/vendor/laravel/framework/src/Illuminate/Routing/Router.php(807): Illuminate\\Pipeline\\Pipeline->then(Object(Closure))
#26 /Users/zeeshan/Herd/Companies/TSH/personal-assistant/backend/vendor/laravel/framework/src/Illuminate/Routing/Router.php(786): Illuminate\\Routing\\Router->runRouteWithinStack(Object(Illuminate\\Routing\\Route), Object(Illuminate\\Http\\Request))
#27 /Users/zeeshan/Herd/Companies/TSH/personal-assistant/backend/vendor/laravel/framework/src/Illuminate/Routing/Router.php(750): Illuminate\\Routing\\Router->runRoute(Object(Illuminate\\Http\\Request), Object(Illuminate\\Routing\\Route))
#28 /Users/zeeshan/Herd/Companies/TSH/personal-assistant/backend/vendor/laravel/framework/src/Illuminate/Routing/Router.php(739): Illuminate\\Routing\\Router->dispatchToRoute(Object(Illuminate\\Http\\Request))
#29 /Users/zeeshan/Herd/Companies/TSH/personal-assistant/backend/vendor/laravel/framework/src/Illuminate/Foundation/Http/Kernel.php(201): Illuminate\\Routing\\Router->dispatch(Object(Illuminate\\Http\\Request))
#30 /Users/zeeshan/Herd/Companies/TSH/personal-assistant/backend/vendor/laravel/framework/src/Illuminate/Pipeline/Pipeline.php(170): Illuminate\\Foundation\\Http\\Kernel->Illuminate\\Foundation\\Http\\{closure}(Object(Illuminate\\Http\\Request))
#31 /Users/zeeshan/Herd/Companies/TSH/personal-assistant/backend/vendor/laravel/framework/src/Illuminate/Foundation/Http/Middleware/TransformsRequest.php(21): Illuminate\\Pipeline\\Pipeline->Illuminate\\Pipeline\\{closure}(Object(Illuminate\\Http\\Request))
#32 /Users/zeeshan/Herd/Companies/TSH/personal-assistant/backend/vendor/laravel/framework/src/Illuminate/Foundation/Http/Middleware/ConvertEmptyStringsToNull.php(31): Illuminate\\Foundation\\Http\\Middleware\\TransformsRequest->handle(Object(Illuminate\\Http\\Request), Object(Closure))
#33 /Users/zeeshan/Herd/Companies/TSH/personal-assistant/backend/vendor/laravel/framework/src/Illuminate/Pipeline/Pipeline.php(209): Illuminate\\Foundation\\Http\\Middleware\\ConvertEmptyStringsToNull->handle(Object(Illuminate\\Http\\Request), Object(Closure))
#34 /Users/zeeshan/Herd/Companies/TSH/personal-assistant/backend/vendor/laravel/framework/src/Illuminate/Foundation/Http/Middleware/TransformsRequest.php(21): Illuminate\\Pipeline\\Pipeline->Illuminate\\Pipeline\\{closure}(Object(Illuminate\\Http\\Request))
#35 /Users/zeeshan/Herd/Companies/TSH/personal-assistant/backend/vendor/laravel/framework/src/Illuminate/Foundation/Http/Middleware/TrimStrings.php(51): Illuminate\\Foundation\\Http\\Middleware\\TransformsRequest->handle(Object(Illuminate\\Http\\Request), Object(Closure))
#36 /Users/zeeshan/Herd/Companies/TSH/personal-assistant/backend/vendor/laravel/framework/src/Illuminate/Pipeline/Pipeline.php(209): Illuminate\\Foundation\\Http\\Middleware\\TrimStrings->handle(Object(Illuminate\\Http\\Request), Object(Closure))
#37 /Users/zeeshan/Herd/Companies/TSH/personal-assistant/backend/vendor/laravel/framework/src/Illuminate/Http/Middleware/ValidatePostSize.php(27): Illuminate\\Pipeline\\Pipeline->Illuminate\\Pipeline\\{closure}(Object(Illuminate\\Http\\Request))
#38 /Users/zeeshan/Herd/Companies/TSH/personal-assistant/backend/vendor/laravel/framework/src/Illuminate/Pipeline/Pipeline.php(209): Illuminate\\Http\\Middleware\\ValidatePostSize->handle(Object(Illuminate\\Http\\Request), Object(Closure))
#39 /Users/zeeshan/Herd/Companies/TSH/personal-assistant/backend/vendor/laravel/framework/src/Illuminate/Foundation/Http/Middleware/PreventRequestsDuringMaintenance.php(110): Illuminate\\Pipeline\\Pipeline->Illuminate\\Pipeline\\{closure}(Object(Illuminate\\Http\\Request))
#40 /Users/zeeshan/Herd/Companies/TSH/personal-assistant/backend/vendor/laravel/framework/src/Illuminate/Pipeline/Pipeline.php(209): Illuminate\\Foundation\\Http\\Middleware\\PreventRequestsDuringMaintenance->handle(Object(Illuminate\\Http\\Request), Object(Closure))
#41 /Users/zeeshan/Herd/Companies/TSH/personal-assistant/backend/vendor/laravel/framework/src/Illuminate/Http/Middleware/HandleCors.php(49): Illuminate\\Pipeline\\Pipeline->Illuminate\\Pipeline\\{closure}(Object(Illuminate\\Http\\Request))
#42 /Users/zeeshan/Herd/Companies/TSH/personal-assistant/backend/vendor/laravel/framework/src/Illuminate/Pipeline/Pipeline.php(209): Illuminate\\Http\\Middleware\\HandleCors->handle(Object(Illuminate\\Http\\Request), Object(Closure))
#43 /Users/zeeshan/Herd/Companies/TSH/personal-assistant/backend/vendor/laravel/framework/src/Illuminate/Http/Middleware/TrustProxies.php(58): Illuminate\\Pipeline\\Pipeline->Illuminate\\Pipeline\\{closure}(Object(Illuminate\\Http\\Request))
#44 /Users/zeeshan/Herd/Companies/TSH/personal-assistant/backend/vendor/laravel/framework/src/Illuminate/Pipeline/Pipeline.php(209): Illuminate\\Http\\Middleware\\TrustProxies->handle(Object(Illuminate\\Http\\Request), Object(Closure))
#45 /Users/zeeshan/Herd/Companies/TSH/personal-assistant/backend/vendor/laravel/framework/src/Illuminate/Foundation/Http/Middleware/InvokeDeferredCallbacks.php(22): Illuminate\\Pipeline\\Pipeline->Illuminate\\Pipeline\\{closure}(Object(Illuminate\\Http\\Request))
#46 /Users/zeeshan/Herd/Companies/TSH/personal-assistant/backend/vendor/laravel/framework/src/Illuminate/Pipeline/Pipeline.php(209): Illuminate\\Foundation\\Http\\Middleware\\InvokeDeferredCallbacks->handle(Object(Illuminate\\Http\\Request), Object(Closure))
#47 /Users/zeeshan/Herd/Companies/TSH/personal-assistant/backend/vendor/laravel/framework/src/Illuminate/Pipeline/Pipeline.php(127): Illuminate\\Pipeline\\Pipeline->Illuminate\\Pipeline\\{closure}(Object(Illuminate\\Http\\Request))
#48 /Users/zeeshan/Herd/Companies/TSH/personal-assistant/backend/vendor/laravel/framework/src/Illuminate/Foundation/Http/Kernel.php(176): Illuminate\\Pipeline\\Pipeline->then(Object(Closure))
#49 /Users/zeeshan/Herd/Companies/TSH/personal-assistant/backend/vendor/laravel/framework/src/Illuminate/Foundation/Http/Kernel.php(145): Illuminate\\Foundation\\Http\\Kernel->sendRequestThroughRouter(Object(Illuminate\\Http\\Request))
#50 /Users/zeeshan/Herd/Companies/TSH/personal-assistant/backend/public/index.php(17): Illuminate\\Foundation\\Http\\Kernel->handle(Object(Illuminate\\Http\\Request))
#51 /Users/zeeshan/Herd/Companies/TSH/personal-assistant/backend/vendor/laravel/framework/src/Illuminate/Foundation/resources/server.php(23): require_once('/Users/zeeshan/...')
#52 {main}

[previous exception] [object] (Illuminate\\Foundation\\ViteManifestNotFoundException(code: 0): Vite manifest not found at: /Users/zeeshan/Herd/Companies/TSH/personal-assistant/backend/public/build/manifest.json at /Users/zeeshan/Herd/Companies/TSH/personal-assistant/backend/vendor/laravel/framework/src/Illuminate/Foundation/Vite.php:934)
[stacktrace]
#0 /Users/zeeshan/Herd/Companies/TSH/personal-assistant/backend/vendor/laravel/framework/src/Illuminate/Foundation/Vite.php(384): Illuminate\\Foundation\\Vite->manifest('build')
#1 /Users/zeeshan/Herd/Companies/TSH/personal-assistant/backend/storage/framework/views/16511026ff9f57c5a74a16d44bace125.php(7): Illuminate\\Foundation\\Vite->__invoke(Object(Illuminate\\Support\\Collection))
#2 /Users/zeeshan/Herd/Companies/TSH/personal-assistant/backend/vendor/laravel/framework/src/Illuminate/Filesystem/Filesystem.php(123): require('/Users/zeeshan/...')
#3 /Users/zeeshan/Herd/Companies/TSH/personal-assistant/backend/vendor/laravel/framework/src/Illuminate/Filesystem/Filesystem.php(124): Illuminate\\Filesystem\\Filesystem::Illuminate\\Filesystem\\{closure}()
#4 /Users/zeeshan/Herd/Companies/TSH/personal-assistant/backend/vendor/laravel/framework/src/Illuminate/View/Engines/PhpEngine.php(58): Illuminate\\Filesystem\\Filesystem->getRequire('/Users/zeeshan/...', Array)
#5 /Users/zeeshan/Herd/Companies/TSH/personal-assistant/backend/vendor/laravel/framework/src/Illuminate/View/Engines/CompilerEngine.php(75): Illuminate\\View\\Engines\\PhpEngine->evaluatePath('/Users/zeeshan/...', Array)
#6 /Users/zeeshan/Herd/Companies/TSH/personal-assistant/backend/vendor/laravel/framework/src/Illuminate/View/View.php(209): Illuminate\\View\\Engines\\CompilerEngine->get('/Users/zeeshan/...', Array)
#7 /Users/zeeshan/Herd/Companies/TSH/personal-assistant/backend/vendor/laravel/framework/src/Illuminate/View/View.php(192): Illuminate\\View\\View->getContents()
#8 /Users/zeeshan/Herd/Companies/TSH/personal-assistant/backend/vendor/laravel/framework/src/Illuminate/View/View.php(161): Illuminate\\View\\View->renderContents()
#9 /Users/zeeshan/Herd/Companies/TSH/personal-assistant/backend/vendor/laravel/framework/src/Illuminate/Http/Response.php(79): Illuminate\\View\\View->render()
#10 /Users/zeeshan/Herd/Companies/TSH/personal-assistant/backend/vendor/laravel/framework/src/Illuminate/Http/Response.php(35): Illuminate\\Http\\Response->setContent(Object(Illuminate\\View\\View))
#11 /Users/zeeshan/Herd/Companies/TSH/personal-assistant/backend/vendor/laravel/framework/src/Illuminate/Routing/Router.php(920): Illuminate\\Http\\Response->__construct(Object(Illuminate\\View\\View), 200, Array)
#12 /Users/zeeshan/Herd/Companies/TSH/personal-assistant/backend/vendor/laravel/framework/src/Illuminate/Routing/Router.php(887): Illuminate\\Routing\\Router::toResponse(Object(Illuminate\\Http\\Request), Object(Illuminate\\View\\View))
#13 /Users/zeeshan/Herd/Companies/TSH/personal-assistant/backend/vendor/laravel/framework/src/Illuminate/Routing/Router.php(807): Illuminate\\Routing\\Router->prepareResponse(Object(Illuminate\\Http\\Request), Object(Illuminate\\View\\View))
#14 /Users/zeeshan/Herd/Companies/TSH/personal-assistant/backend/vendor/laravel/framework/src/Illuminate/Pipeline/Pipeline.php(170): Illuminate\\Routing\\Router->Illuminate\\Routing\\{closure}(Object(Illuminate\\Http\\Request))
#15 /Users/zeeshan/Herd/Companies/TSH/personal-assistant/backend/vendor/laravel/framework/src/Illuminate/Routing/Middleware/SubstituteBindings.php(51): Illuminate\\Pipeline\\Pipeline->Illuminate\\Pipeline\\{closure}(Object(Illuminate\\Http\\Request))
#16 /Users/zeeshan/Herd/Companies/TSH/personal-assistant/backend/vendor/laravel/framework/src/Illuminate/Pipeline/Pipeline.php(209): Illuminate\\Routing\\Middleware\\SubstituteBindings->handle(Object(Illuminate\\Http\\Request), Object(Closure))
#17 /Users/zeeshan/Herd/Companies/TSH/personal-assistant/backend/vendor/laravel/framework/src/Illuminate/Foundation/Http/Middleware/VerifyCsrfToken.php(88): Illuminate\\Pipeline\\Pipeline->Illuminate\\Pipeline\\{closure}(Object(Illuminate\\Http\\Request))
#18 /Users/zeeshan/Herd/Companies/TSH/personal-assistant/backend/vendor/laravel/framework/src/Illuminate/Pipeline/Pipeline.php(209): Illuminate\\Foundation\\Http\\Middleware\\VerifyCsrfToken->handle(Object(Illuminate\\Http\\Request), Object(Closure))
#19 /Users/zeeshan/Herd/Companies/TSH/personal-assistant/backend/vendor/laravel/framework/src/Illuminate/View/Middleware/ShareErrorsFromSession.php(49): Illuminate\\Pipeline\\Pipeline->Illuminate\\Pipeline\\{closure}(Object(Illuminate\\Http\\Request))
#20 /Users/zeeshan/Herd/Companies/TSH/personal-assistant/backend/vendor/laravel/framework/src/Illuminate/Pipeline/Pipeline.php(209): Illuminate\\View\\Middleware\\ShareErrorsFromSession->handle(Object(Illuminate\\Http\\Request), Object(Closure))
#21 /Users/zeeshan/Herd/Companies/TSH/personal-assistant/backend/vendor/laravel/framework/src/Illuminate/Session/Middleware/StartSession.php(121): Illuminate\\Pipeline\\Pipeline->Illuminate\\Pipeline\\{closure}(Object(Illuminate\\Http\\Request))
#22 /Users/zeeshan/Herd/Companies/TSH/personal-assistant/backend/vendor/laravel/framework/src/Illuminate/Session/Middleware/StartSession.php(64): Illuminate\\Session\\Middleware\\StartSession->handleStatefulRequest(Object(Illuminate\\Http\\Request), Object(Illuminate\\Session\\Store), Object(Closure))
#23 /Users/zeeshan/Herd/Companies/TSH/personal-assistant/backend/vendor/laravel/framework/src/Illuminate/Pipeline/Pipeline.php(209): Illuminate\\Session\\Middleware\\StartSession->handle(Object(Illuminate\\Http\\Request), Object(Closure))
#24 /Users/zeeshan/Herd/Companies/TSH/personal-assistant/backend/vendor/laravel/framework/src/Illuminate/Cookie/Middleware/AddQueuedCookiesToResponse.php(37): Illuminate\\Pipeline\\Pipeline->Illuminate\\Pipeline\\{closure}(Object(Illuminate\\Http\\Request))
#25 /Users/zeeshan/Herd/Companies/TSH/personal-assistant/backend/vendor/laravel/framework/src/Illuminate/Pipeline/Pipeline.php(209): Illuminate\\Cookie\\Middleware\\AddQueuedCookiesToResponse->handle(Object(Illuminate\\Http\\Request), Object(Closure))
#26 /Users/zeeshan/Herd/Companies/TSH/personal-assistant/backend/vendor/laravel/framework/src/Illuminate/Cookie/Middleware/EncryptCookies.php(75): Illuminate\\Pipeline\\Pipeline->Illuminate\\Pipeline\\{closure}(Object(Illuminate\\Http\\Request))
#27 /Users/zeeshan/Herd/Companies/TSH/personal-assistant/backend/vendor/laravel/framework/src/Illuminate/Pipeline/Pipeline.php(209): Illuminate\\Cookie\\Middleware\\EncryptCookies->handle(Object(Illuminate\\Http\\Request), Object(Closure))
#28 /Users/zeeshan/Herd/Companies/TSH/personal-assistant/backend/vendor/laravel/framework/src/Illuminate/Pipeline/Pipeline.php(127): Illuminate\\Pipeline\\Pipeline->Illuminate\\Pipeline\\{closure}(Object(Illuminate\\Http\\Request))
#29 /Users/zeeshan/Herd/Companies/TSH/personal-assistant/backend/vendor/laravel/framework/src/Illuminate/Routing/Router.php(807): Illuminate\\Pipeline\\Pipeline->then(Object(Closure))
#30 /Users/zeeshan/Herd/Companies/TSH/personal-assistant/backend/vendor/laravel/framework/src/Illuminate/Routing/Router.php(786): Illuminate\\Routing\\Router->runRouteWithinStack(Object(Illuminate\\Routing\\Route), Object(Illuminate\\Http\\Request))
#31 /Users/zeeshan/Herd/Companies/TSH/personal-assistant/backend/vendor/laravel/framework/src/Illuminate/Routing/Router.php(750): Illuminate\\Routing\\Router->runRoute(Object(Illuminate\\Http\\Request), Object(Illuminate\\Routing\\Route))
#32 /Users/zeeshan/Herd/Companies/TSH/personal-assistant/backend/vendor/laravel/framework/src/Illuminate/Routing/Router.php(739): Illuminate\\Routing\\Router->dispatchToRoute(Object(Illuminate\\Http\\Request))
#33 /Users/zeeshan/Herd/Companies/TSH/personal-assistant/backend/vendor/laravel/framework/src/Illuminate/Foundation/Http/Kernel.php(201): Illuminate\\Routing\\Router->dispatch(Object(Illuminate\\Http\\Request))
#34 /Users/zeeshan/Herd/Companies/TSH/personal-assistant/backend/vendor/laravel/framework/src/Illuminate/Pipeline/Pipeline.php(170): Illuminate\\Foundation\\Http\\Kernel->Illuminate\\Foundation\\Http\\{closure}(Object(Illuminate\\Http\\Request))
#35 /Users/zeeshan/Herd/Companies/TSH/personal-assistant/backend/vendor/laravel/framework/src/Illuminate/Foundation/Http/Middleware/TransformsRequest.php(21): Illuminate\\Pipeline\\Pipeline->Illuminate\\Pipeline\\{closure}(Object(Illuminate\\Http\\Request))
#36 /Users/zeeshan/Herd/Companies/TSH/personal-assistant/backend/vendor/laravel/framework/src/Illuminate/Foundation/Http/Middleware/ConvertEmptyStringsToNull.php(31): Illuminate\\Foundation\\Http\\Middleware\\TransformsRequest->handle(Object(Illuminate\\Http\\Request), Object(Closure))
#37 /Users/zeeshan/Herd/Companies/TSH/personal-assistant/backend/vendor/laravel/framework/src/Illuminate/Pipeline/Pipeline.php(209): Illuminate\\Foundation\\Http\\Middleware\\ConvertEmptyStringsToNull->handle(Object(Illuminate\\Http\\Request), Object(Closure))
#38 /Users/zeeshan/Herd/Companies/TSH/personal-assistant/backend/vendor/laravel/framework/src/Illuminate/Foundation/Http/Middleware/TransformsRequest.php(21): Illuminate\\Pipeline\\Pipeline->Illuminate\\Pipeline\\{closure}(Object(Illuminate\\Http\\Request))
#39 /Users/zeeshan/Herd/Companies/TSH/personal-assistant/backend/vendor/laravel/framework/src/Illuminate/Foundation/Http/Middleware/TrimStrings.php(51): Illuminate\\Foundation\\Http\\Middleware\\TransformsRequest->handle(Object(Illuminate\\Http\\Request), Object(Closure))
#40 /Users/zeeshan/Herd/Companies/TSH/personal-assistant/backend/vendor/laravel/framework/src/Illuminate/Pipeline/Pipeline.php(209): Illuminate\\Foundation\\Http\\Middleware\\TrimStrings->handle(Object(Illuminate\\Http\\Request), Object(Closure))
#41 /Users/zeeshan/Herd/Companies/TSH/personal-assistant/backend/vendor/laravel/framework/src/Illuminate/Http/Middleware/ValidatePostSize.php(27): Illuminate\\Pipeline\\Pipeline->Illuminate\\Pipeline\\{closure}(Object(Illuminate\\Http\\Request))
#42 /Users/zeeshan/Herd/Companies/TSH/personal-assistant/backend/vendor/laravel/framework/src/Illuminate/Pipeline/Pipeline.php(209): Illuminate\\Http\\Middleware\\ValidatePostSize->handle(Object(Illuminate\\Http\\Request), Object(Closure))
#43 /Users/zeeshan/Herd/Companies/TSH/personal-assistant/backend/vendor/laravel/framework/src/Illuminate/Foundation/Http/Middleware/PreventRequestsDuringMaintenance.php(110): Illuminate\\Pipeline\\Pipeline->Illuminate\\Pipeline\\{closure}(Object(Illuminate\\Http\\Request))
#44 /Users/zeeshan/Herd/Companies/TSH/personal-assistant/backend/vendor/laravel/framework/src/Illuminate/Pipeline/Pipeline.php(209): Illuminate\\Foundation\\Http\\Middleware\\PreventRequestsDuringMaintenance->handle(Object(Illuminate\\Http\\Request), Object(Closure))
#45 /Users/zeeshan/Herd/Companies/TSH/personal-assistant/backend/vendor/laravel/framework/src/Illuminate/Http/Middleware/HandleCors.php(49): Illuminate\\Pipeline\\Pipeline->Illuminate\\Pipeline\\{closure}(Object(Illuminate\\Http\\Request))
#46 /Users/zeeshan/Herd/Companies/TSH/personal-assistant/backend/vendor/laravel/framework/src/Illuminate/Pipeline/Pipeline.php(209): Illuminate\\Http\\Middleware\\HandleCors->handle(Object(Illuminate\\Http\\Request), Object(Closure))
#47 /Users/zeeshan/Herd/Companies/TSH/personal-assistant/backend/vendor/laravel/framework/src/Illuminate/Http/Middleware/TrustProxies.php(58): Illuminate\\Pipeline\\Pipeline->Illuminate\\Pipeline\\{closure}(Object(Illuminate\\Http\\Request))
#48 /Users/zeeshan/Herd/Companies/TSH/personal-assistant/backend/vendor/laravel/framework/src/Illuminate/Pipeline/Pipeline.php(209): Illuminate\\Http\\Middleware\\TrustProxies->handle(Object(Illuminate\\Http\\Request), Object(Closure))
#49 /Users/zeeshan/Herd/Companies/TSH/personal-assistant/backend/vendor/laravel/framework/src/Illuminate/Foundation/Http/Middleware/InvokeDeferredCallbacks.php(22): Illuminate\\Pipeline\\Pipeline->Illuminate\\Pipeline\\{closure}(Object(Illuminate\\Http\\Request))
#50 /Users/zeeshan/Herd/Companies/TSH/personal-assistant/backend/vendor/laravel/framework/src/Illuminate/Pipeline/Pipeline.php(209): Illuminate\\Foundation\\Http\\Middleware\\InvokeDeferredCallbacks->handle(Object(Illuminate\\Http\\Request), Object(Closure))
#51 /Users/zeeshan/Herd/Companies/TSH/personal-assistant/backend/vendor/laravel/framework/src/Illuminate/Pipeline/Pipeline.php(127): Illuminate\\Pipeline\\Pipeline->Illuminate\\Pipeline\\{closure}(Object(Illuminate\\Http\\Request))
#52 /Users/zeeshan/Herd/Companies/TSH/personal-assistant/backend/vendor/laravel/framework/src/Illuminate/Foundation/Http/Kernel.php(176): Illuminate\\Pipeline\\Pipeline->then(Object(Closure))
#53 /Users/zeeshan/Herd/Companies/TSH/personal-assistant/backend/vendor/laravel/framework/src/Illuminate/Foundation/Http/Kernel.php(145): Illuminate\\Foundation\\Http\\Kernel->sendRequestThroughRouter(Object(Illuminate\\Http\\Request))
#54 /Users/zeeshan/Herd/Companies/TSH/personal-assistant/backend/public/index.php(17): Illuminate\\Foundation\\Http\\Kernel->handle(Object(Illuminate\\Http\\Request))
#55 /Users/zeeshan/Herd/Companies/TSH/personal-assistant/backend/vendor/laravel/framework/src/Illuminate/Foundation/resources/server.php(23): require_once('/Users/zeeshan/...')
#56 {main}
"} 
[2025-12-07 11:10:47] local.ERROR: SQLSTATE[42S02]: Base table or view not found: 1146 Table 'personal_assistant.personal_access_tokens' doesn't exist (Connection: mysql, SQL: insert into `personal_access_tokens` (`name`, `token`, `abilities`, `expires_at`, `tokenable_id`, `tokenable_type`, `updated_at`, `created_at`) values (auth_token, 3d4d5a156f5be0a850cc402e18efecc6c242a0363ac8d889fc09183ca0a37b95, ["*"], ?, 1, App\Models\User, 2025-12-07 11:10:47, 2025-12-07 11:10:47)) {"exception":"[object] (Illuminate\\Database\\QueryException(code: 42S02): SQLSTATE[42S02]: Base table or view not found: 1146 Table 'personal_assistant.personal_access_tokens' doesn't exist (Connection: mysql, SQL: insert into `personal_access_tokens` (`name`, `token`, `abilities`, `expires_at`, `tokenable_id`, `tokenable_type`, `updated_at`, `created_at`) values (auth_token, 3d4d5a156f5be0a850cc402e18efecc6c242a0363ac8d889fc09183ca0a37b95, [\"*\"], ?, 1, App\\Models\\User, 2025-12-07 11:10:47, 2025-12-07 11:10:47)) at /Users/zeeshan/Herd/Companies/TSH/personal-assistant/backend/vendor/laravel/framework/src/Illuminate/Database/Connection.php:825)
[stacktrace]
#0 /Users/zeeshan/Herd/Companies/TSH/personal-assistant/backend/vendor/laravel/framework/src/Illuminate/Database/Connection.php(779): Illuminate\\Database\\Connection->runQueryCallback('insert into `pe...', Array, Object(Closure))
#1 /Users/zeeshan/Herd/Companies/TSH/personal-assistant/backend/vendor/laravel/framework/src/Illuminate/Database/MySqlConnection.php(42): Illuminate\\Database\\Connection->run('insert into `pe...', Array, Object(Closure))
#2 /Users/zeeshan/Herd/Companies/TSH/personal-assistant/backend/vendor/laravel/framework/src/Illuminate/Database/Query/Processors/MySqlProcessor.php(35): Illuminate\\Database\\MySqlConnection->insert('insert into `pe...', Array, 'id')
#3 /Users/zeeshan/Herd/Companies/TSH/personal-assistant/backend/vendor/laravel/framework/src/Illuminate/Database/Query/Builder.php(3766): Illuminate\\Database\\Query\\Processors\\MySqlProcessor->processInsertGetId(Object(Illuminate\\Database\\Query\\Builder), 'insert into `pe...', Array, 'id')
#4 /Users/zeeshan/Herd/Companies/TSH/personal-assistant/backend/vendor/laravel/framework/src/Illuminate/Database/Eloquent/Builder.php(2120): Illuminate\\Database\\Query\\Builder->insertGetId(Array, 'id')
#5 /Users/zeeshan/Herd/Companies/TSH/personal-assistant/backend/vendor/laravel/framework/src/Illuminate/Database/Eloquent/Model.php(1359): Illuminate\\Database\\Eloquent\\Builder->__call('insertGetId', Array)
#6 /Users/zeeshan/Herd/Companies/TSH/personal-assistant/backend/vendor/laravel/framework/src/Illuminate/Database/Eloquent/Model.php(1324): Illuminate\\Database\\Eloquent\\Model->insertAndSetId(Object(Illuminate\\Database\\Eloquent\\Builder), Array)
#7 /Users/zeeshan/Herd/Companies/TSH/personal-assistant/backend/vendor/laravel/framework/src/Illuminate/Database/Eloquent/Model.php(1163): Illuminate\\Database\\Eloquent\\Model->performInsert(Object(Illuminate\\Database\\Eloquent\\Builder))
#8 /Users/zeeshan/Herd/Companies/TSH/personal-assistant/backend/vendor/laravel/framework/src/Illuminate/Database/Eloquent/Relations/HasOneOrMany.php(371): Illuminate\\Database\\Eloquent\\Model->save()
#9 /Users/zeeshan/Herd/Companies/TSH/personal-assistant/backend/vendor/laravel/framework/src/Illuminate/Support/helpers.php(399): Illuminate\\Database\\Eloquent\\Relations\\HasOneOrMany->Illuminate\\Database\\Eloquent\\Relations\\{closure}(Object(Laravel\\Sanctum\\PersonalAccessToken))
#10 /Users/zeeshan/Herd/Companies/TSH/personal-assistant/backend/vendor/laravel/framework/src/Illuminate/Database/Eloquent/Relations/HasOneOrMany.php(368): tap(Object(Laravel\\Sanctum\\PersonalAccessToken), Object(Closure))
#11 /Users/zeeshan/Herd/Companies/TSH/personal-assistant/backend/vendor/laravel/sanctum/src/HasApiTokens.php(64): Illuminate\\Database\\Eloquent\\Relations\\HasOneOrMany->create(Array)
#12 /Users/zeeshan/Herd/Companies/TSH/personal-assistant/backend/app/Http/Controllers/AuthController.php(39): App\\Models\\User->createToken('auth_token')
#13 /Users/zeeshan/Herd/Companies/TSH/personal-assistant/backend/vendor/laravel/framework/src/Illuminate/Routing/ControllerDispatcher.php(47): App\\Http\\Controllers\\AuthController->register(Object(Illuminate\\Http\\Request))
#14 /Users/zeeshan/Herd/Companies/TSH/personal-assistant/backend/vendor/laravel/framework/src/Illuminate/Routing/Route.php(266): Illuminate\\Routing\\ControllerDispatcher->dispatch(Object(Illuminate\\Routing\\Route), Object(App\\Http\\Controllers\\AuthController), 'register')
#15 /Users/zeeshan/Herd/Companies/TSH/personal-assistant/backend/vendor/laravel/framework/src/Illuminate/Routing/Route.php(212): Illuminate\\Routing\\Route->runController()
#16 /Users/zeeshan/Herd/Companies/TSH/personal-assistant/backend/vendor/laravel/framework/src/Illuminate/Routing/Router.php(808): Illuminate\\Routing\\Route->run()
#17 /Users/zeeshan/Herd/Companies/TSH/personal-assistant/backend/vendor/laravel/framework/src/Illuminate/Pipeline/Pipeline.php(170): Illuminate\\Routing\\Router->Illuminate\\Routing\\{closure}(Object(Illuminate\\Http\\Request))
#18 /Users/zeeshan/Herd/Companies/TSH/personal-assistant/backend/vendor/laravel/framework/src/Illuminate/Routing/Middleware/SubstituteBindings.php(51): Illuminate\\Pipeline\\Pipeline->Illuminate\\Pipeline\\{closure}(Object(Illuminate\\Http\\Request))
#19 /Users/zeeshan/Herd/Companies/TSH/personal-assistant/backend/vendor/laravel/framework/src/Illuminate/Pipeline/Pipeline.php(209): Illuminate\\Routing\\Middleware\\SubstituteBindings->handle(Object(Illuminate\\Http\\Request), Object(Closure))
#20 /Users/zeeshan/Herd/Companies/TSH/personal-assistant/backend/vendor/laravel/sanctum/src/Http/Middleware/EnsureFrontendRequestsAreStateful.php(26): Illuminate\\Pipeline\\Pipeline->Illuminate\\Pipeline\\{closure}(Object(Illuminate\\Http\\Request))
#21 /Users/zeeshan/Herd/Companies/TSH/personal-assistant/backend/vendor/laravel/framework/src/Illuminate/Pipeline/Pipeline.php(170): Laravel\\Sanctum\\Http\\Middleware\\EnsureFrontendRequestsAreStateful->Laravel\\Sanctum\\Http\\Middleware\\{closure}(Object(Illuminate\\Http\\Request))
#22 /Users/zeeshan/Herd/Companies/TSH/personal-assistant/backend/vendor/laravel/sanctum/src/Http/Middleware/AuthenticateSession.php(43): Illuminate\\Pipeline\\Pipeline->Illuminate\\Pipeline\\{closure}(Object(Illuminate\\Http\\Request))
#23 /Users/zeeshan/Herd/Companies/TSH/personal-assistant/backend/vendor/laravel/framework/src/Illuminate/Pipeline/Pipeline.php(209): Laravel\\Sanctum\\Http\\Middleware\\AuthenticateSession->handle(Object(Illuminate\\Http\\Request), Object(Closure))
#24 /Users/zeeshan/Herd/Companies/TSH/personal-assistant/backend/vendor/laravel/framework/src/Illuminate/Foundation/Http/Middleware/VerifyCsrfToken.php(88): Illuminate\\Pipeline\\Pipeline->Illuminate\\Pipeline\\{closure}(Object(Illuminate\\Http\\Request))
#25 /Users/zeeshan/Herd/Companies/TSH/personal-assistant/backend/vendor/laravel/framework/src/Illuminate/Pipeline/Pipeline.php(209): Illuminate\\Foundation\\Http\\Middleware\\VerifyCsrfToken->handle(Object(Illuminate\\Http\\Request), Object(Closure))
#26 /Users/zeeshan/Herd/Companies/TSH/personal-assistant/backend/vendor/laravel/framework/src/Illuminate/Session/Middleware/StartSession.php(121): Illuminate\\Pipeline\\Pipeline->Illuminate\\Pipeline\\{closure}(Object(Illuminate\\Http\\Request))
#27 /Users/zeeshan/Herd/Companies/TSH/personal-assistant/backend/vendor/laravel/framework/src/Illuminate/Session/Middleware/StartSession.php(64): Illuminate\\Session\\Middleware\\StartSession->handleStatefulRequest(Object(Illuminate\\Http\\Request), Object(Illuminate\\Session\\Store), Object(Closure))
#28 /Users/zeeshan/Herd/Companies/TSH/personal-assistant/backend/vendor/laravel/framework/src/Illuminate/Pipeline/Pipeline.php(209): Illuminate\\Session\\Middleware\\StartSession->handle(Object(Illuminate\\Http\\Request), Object(Closure))
#29 /Users/zeeshan/Herd/Companies/TSH/personal-assistant/backend/vendor/laravel/framework/src/Illuminate/Cookie/Middleware/AddQueuedCookiesToResponse.php(37): Illuminate\\Pipeline\\Pipeline->Illuminate\\Pipeline\\{closure}(Object(Illuminate\\Http\\Request))
#30 /Users/zeeshan/Herd/Companies/TSH/personal-assistant/backend/vendor/laravel/framework/src/Illuminate/Pipeline/Pipeline.php(209): Illuminate\\Cookie\\Middleware\\AddQueuedCookiesToResponse->handle(Object(Illuminate\\Http\\Request), Object(Closure))
#31 /Users/zeeshan/Herd/Companies/TSH/personal-assistant/backend/vendor/laravel/framework/src/Illuminate/Cookie/Middleware/EncryptCookies.php(75): Illuminate\\Pipeline\\Pipeline->Illuminate\\Pipeline\\{closure}(Object(Illuminate\\Http\\Request))
#32 /Users/zeeshan/Herd/Companies/TSH/personal-assistant/backend/vendor/laravel/framework/src/Illuminate/Pipeline/Pipeline.php(209): Illuminate\\Cookie\\Middleware\\EncryptCookies->handle(Object(Illuminate\\Http\\Request), Object(Closure))
#33 /Users/zeeshan/Herd/Companies/TSH/personal-assistant/backend/vendor/laravel/sanctum/src/Http/Middleware/EnsureFrontendRequestsAreStateful.php(61): Illuminate\\Pipeline\\Pipeline->Illuminate\\Pipeline\\{closure}(Object(Illuminate\\Http\\Request))
#34 /Users/zeeshan/Herd/Companies/TSH/personal-assistant/backend/vendor/laravel/framework/src/Illuminate/Pipeline/Pipeline.php(191): Laravel\\Sanctum\\Http\\Middleware\\EnsureFrontendRequestsAreStateful->Laravel\\Sanctum\\Http\\Middleware\\{closure}(Object(Illuminate\\Http\\Request), Object(Closure))
#35 /Users/zeeshan/Herd/Companies/TSH/personal-assistant/backend/vendor/laravel/framework/src/Illuminate/Pipeline/Pipeline.php(127): Illuminate\\Pipeline\\Pipeline->Illuminate\\Pipeline\\{closure}(Object(Illuminate\\Http\\Request))
#36 /Users/zeeshan/Herd/Companies/TSH/personal-assistant/backend/vendor/laravel/sanctum/src/Http/Middleware/EnsureFrontendRequestsAreStateful.php(25): Illuminate\\Pipeline\\Pipeline->then(Object(Closure))
#37 /Users/zeeshan/Herd/Companies/TSH/personal-assistant/backend/vendor/laravel/framework/src/Illuminate/Pipeline/Pipeline.php(209): Laravel\\Sanctum\\Http\\Middleware\\EnsureFrontendRequestsAreStateful->handle(Object(Illuminate\\Http\\Request), Object(Closure))
#38 /Users/zeeshan/Herd/Companies/TSH/personal-assistant/backend/vendor/laravel/framework/src/Illuminate/Pipeline/Pipeline.php(127): Illuminate\\Pipeline\\Pipeline->Illuminate\\Pipeline\\{closure}(Object(Illuminate\\Http\\Request))
#39 /Users/zeeshan/Herd/Companies/TSH/personal-assistant/backend/vendor/laravel/framework/src/Illuminate/Routing/Router.php(807): Illuminate\\Pipeline\\Pipeline->then(Object(Closure))
#40 /Users/zeeshan/Herd/Companies/TSH/personal-assistant/backend/vendor/laravel/framework/src/Illuminate/Routing/Router.php(786): Illuminate\\Routing\\Router->runRouteWithinStack(Object(Illuminate\\Routing\\Route), Object(Illuminate\\Http\\Request))
#41 /Users/zeeshan/Herd/Companies/TSH/personal-assistant/backend/vendor/laravel/framework/src/Illuminate/Routing/Router.php(750): Illuminate\\Routing\\Router->runRoute(Object(Illuminate\\Http\\Request), Object(Illuminate\\Routing\\Route))
#42 /Users/zeeshan/Herd/Companies/TSH/personal-assistant/backend/vendor/laravel/framework/src/Illuminate/Routing/Router.php(739): Illuminate\\Routing\\Router->dispatchToRoute(Object(Illuminate\\Http\\Request))
#43 /Users/zeeshan/Herd/Companies/TSH/personal-assistant/backend/vendor/laravel/framework/src/Illuminate/Foundation/Http/Kernel.php(201): Illuminate\\Routing\\Router->dispatch(Object(Illuminate\\Http\\Request))
#44 /Users/zeeshan/Herd/Companies/TSH/personal-assistant/backend/vendor/laravel/framework/src/Illuminate/Pipeline/Pipeline.php(170): Illuminate\\Foundation\\Http\\Kernel->Illuminate\\Foundation\\Http\\{closure}(Object(Illuminate\\Http\\Request))
#45 /Users/zeeshan/Herd/Companies/TSH/personal-assistant/backend/vendor/laravel/framework/src/Illuminate/Foundation/Http/Middleware/TransformsRequest.php(21): Illuminate\\Pipeline\\Pipeline->Illuminate\\Pipeline\\{closure}(Object(Illuminate\\Http\\Request))
#46 /Users/zeeshan/Herd/Companies/TSH/personal-assistant/backend/vendor/laravel/framework/src/Illuminate/Foundation/Http/Middleware/ConvertEmptyStringsToNull.php(31): Illuminate\\Foundation\\Http\\Middleware\\TransformsRequest->handle(Object(Illuminate\\Http\\Request), Object(Closure))
#47 /Users/zeeshan/Herd/Companies/TSH/personal-assistant/backend/vendor/laravel/framework/src/Illuminate/Pipeline/Pipeline.php(209): Illuminate\\Foundation\\Http\\Middleware\\ConvertEmptyStringsToNull->handle(Object(Illuminate\\Http\\Request), Object(Closure))
#48 /Users/zeeshan/Herd/Companies/TSH/personal-assistant/backend/vendor/laravel/framework/src/Illuminate/Foundation/Http/Middleware/TransformsRequest.php(21): Illuminate\\Pipeline\\Pipeline->Illuminate\\Pipeline\\{closure}(Object(Illuminate\\Http\\Request))
#49 /Users/zeeshan/Herd/Companies/TSH/personal-assistant/backend/vendor/laravel/framework/src/Illuminate/Foundation/Http/Middleware/TrimStrings.php(51): Illuminate\\Foundation\\Http\\Middleware\\TransformsRequest->handle(Object(Illuminate\\Http\\Request), Object(Closure))
#50 /Users/zeeshan/Herd/Companies/TSH/personal-assistant/backend/vendor/laravel/framework/src/Illuminate/Pipeline/Pipeline.php(209): Illuminate\\Foundation\\Http\\Middleware\\TrimStrings->handle(Object(Illuminate\\Http\\Request), Object(Closure))
#51 /Users/zeeshan/Herd/Companies/TSH/personal-assistant/backend/vendor/laravel/framework/src/Illuminate/Http/Middleware/ValidatePostSize.php(27): Illuminate\\Pipeline\\Pipeline->Illuminate\\Pipeline\\{closure}(Object(Illuminate\\Http\\Request))
#52 /Users/zeeshan/Herd/Companies/TSH/personal-assistant/backend/vendor/laravel/framework/src/Illuminate/Pipeline/Pipeline.php(209): Illuminate\\Http\\Middleware\\ValidatePostSize->handle(Object(Illuminate\\Http\\Request), Object(Closure))
#53 /Users/zeeshan/Herd/Companies/TSH/personal-assistant/backend/vendor/laravel/framework/src/Illuminate/Foundation/Http/Middleware/PreventRequestsDuringMaintenance.php(110): Illuminate\\Pipeline\\Pipeline->Illuminate\\Pipeline\\{closure}(Object(Illuminate\\Http\\Request))
#54 /Users/zeeshan/Herd/Companies/TSH/personal-assistant/backend/vendor/laravel/framework/src/Illuminate/Pipeline/Pipeline.php(209): Illuminate\\Foundation\\Http\\Middleware\\PreventRequestsDuringMaintenance->handle(Object(Illuminate\\Http\\Request), Object(Closure))
#55 /Users/zeeshan/Herd/Companies/TSH/personal-assistant/backend/vendor/laravel/framework/src/Illuminate/Http/Middleware/HandleCors.php(62): Illuminate\\Pipeline\\Pipeline->Illuminate\\Pipeline\\{closure}(Object(Illuminate\\Http\\Request))
#56 /Users/zeeshan/Herd/Companies/TSH/personal-assistant/backend/vendor/laravel/framework/src/Illuminate/Pipeline/Pipeline.php(209): Illuminate\\Http\\Middleware\\HandleCors->handle(Object(Illuminate\\Http\\Request), Object(Closure))
#57 /Users/zeeshan/Herd/Companies/TSH/personal-assistant/backend/vendor/laravel/framework/src/Illuminate/Http/Middleware/TrustProxies.php(58): Illuminate\\Pipeline\\Pipeline->Illuminate\\Pipeline\\{closure}(Object(Illuminate\\Http\\Request))
#58 /Users/zeeshan/Herd/Companies/TSH/personal-assistant/backend/vendor/laravel/framework/src/Illuminate/Pipeline/Pipeline.php(209): Illuminate\\Http\\Middleware\\TrustProxies->handle(Object(Illuminate\\Http\\Request), Object(Closure))
#59 /Users/zeeshan/Herd/Companies/TSH/personal-assistant/backend/vendor/laravel/framework/src/Illuminate/Foundation/Http/Middleware/InvokeDeferredCallbacks.php(22): Illuminate\\Pipeline\\Pipeline->Illuminate\\Pipeline\\{closure}(Object(Illuminate\\Http\\Request))
#60 /Users/zeeshan/Herd/Companies/TSH/personal-assistant/backend/vendor/laravel/framework/src/Illuminate/Pipeline/Pipeline.php(209): Illuminate\\Foundation\\Http\\Middleware\\InvokeDeferredCallbacks->handle(Object(Illuminate\\Http\\Request), Object(Closure))
#61 /Users/zeeshan/Herd/Companies/TSH/personal-assistant/backend/vendor/laravel/framework/src/Illuminate/Pipeline/Pipeline.php(127): Illuminate\\Pipeline\\Pipeline->Illuminate\\Pipeline\\{closure}(Object(Illuminate\\Http\\Request))
#62 /Users/zeeshan/Herd/Companies/TSH/personal-assistant/backend/vendor/laravel/framework/src/Illuminate/Foundation/Http/Kernel.php(176): Illuminate\\Pipeline\\Pipeline->then(Object(Closure))
#63 /Users/zeeshan/Herd/Companies/TSH/personal-assistant/backend/vendor/laravel/framework/src/Illuminate/Foundation/Http/Kernel.php(145): Illuminate\\Foundation\\Http\\Kernel->sendRequestThroughRouter(Object(Illuminate\\Http\\Request))
#64 /Users/zeeshan/Herd/Companies/TSH/personal-assistant/backend/public/index.php(17): Illuminate\\Foundation\\Http\\Kernel->handle(Object(Illuminate\\Http\\Request))
#65 /Users/zeeshan/Herd/Companies/TSH/personal-assistant/backend/vendor/laravel/framework/src/Illuminate/Foundation/resources/server.php(23): require_once('/Users/zeeshan/...')
#66 {main}

[previous exception] [object] (PDOException(code: 42S02): SQLSTATE[42S02]: Base table or view not found: 1146 Table 'personal_assistant.personal_access_tokens' doesn't exist at /Users/zeeshan/Herd/Companies/TSH/personal-assistant/backend/vendor/laravel/framework/src/Illuminate/Database/MySqlConnection.php:47)
[stacktrace]
#0 /Users/zeeshan/Herd/Companies/TSH/personal-assistant/backend/vendor/laravel/framework/src/Illuminate/Database/MySqlConnection.php(47): PDO->prepare('insert into `pe...')
#1 /Users/zeeshan/Herd/Companies/TSH/personal-assistant/backend/vendor/laravel/framework/src/Illuminate/Database/Connection.php(812): Illuminate\\Database\\MySqlConnection->Illuminate\\Database\\{closure}('insert into `pe...', Array)
#2 /Users/zeeshan/Herd/Companies/TSH/personal-assistant/backend/vendor/laravel/framework/src/Illuminate/Database/Connection.php(779): Illuminate\\Database\\Connection->runQueryCallback('insert into `pe...', Array, Object(Closure))
#3 /Users/zeeshan/Herd/Companies/TSH/personal-assistant/backend/vendor/laravel/framework/src/Illuminate/Database/MySqlConnection.php(42): Illuminate\\Database\\Connection->run('insert into `pe...', Array, Object(Closure))
#4 /Users/zeeshan/Herd/Companies/TSH/personal-assistant/backend/vendor/laravel/framework/src/Illuminate/Database/Query/Processors/MySqlProcessor.php(35): Illuminate\\Database\\MySqlConnection->insert('insert into `pe...', Array, 'id')
#5 /Users/zeeshan/Herd/Companies/TSH/personal-assistant/backend/vendor/laravel/framework/src/Illuminate/Database/Query/Builder.php(3766): Illuminate\\Database\\Query\\Processors\\MySqlProcessor->processInsertGetId(Object(Illuminate\\Database\\Query\\Builder), 'insert into `pe...', Array, 'id')
#6 /Users/zeeshan/Herd/Companies/TSH/personal-assistant/backend/vendor/laravel/framework/src/Illuminate/Database/Eloquent/Builder.php(2120): Illuminate\\Database\\Query\\Builder->insertGetId(Array, 'id')
#7 /Users/zeeshan/Herd/Companies/TSH/personal-assistant/backend/vendor/laravel/framework/src/Illuminate/Database/Eloquent/Model.php(1359): Illuminate\\Database\\Eloquent\\Builder->__call('insertGetId', Array)
#8 /Users/zeeshan/Herd/Companies/TSH/personal-assistant/backend/vendor/laravel/framework/src/Illuminate/Database/Eloquent/Model.php(1324): Illuminate\\Database\\Eloquent\\Model->insertAndSetId(Object(Illuminate\\Database\\Eloquent\\Builder), Array)
#9 /Users/zeeshan/Herd/Companies/TSH/personal-assistant/backend/vendor/laravel/framework/src/Illuminate/Database/Eloquent/Model.php(1163): Illuminate\\Database\\Eloquent\\Model->performInsert(Object(Illuminate\\Database\\Eloquent\\Builder))
#10 /Users/zeeshan/Herd/Companies/TSH/personal-assistant/backend/vendor/laravel/framework/src/Illuminate/Database/Eloquent/Relations/HasOneOrMany.php(371): Illuminate\\Database\\Eloquent\\Model->save()
#11 /Users/zeeshan/Herd/Companies/TSH/personal-assistant/backend/vendor/laravel/framework/src/Illuminate/Support/helpers.php(399): Illuminate\\Database\\Eloquent\\Relations\\HasOneOrMany->Illuminate\\Database\\Eloquent\\Relations\\{closure}(Object(Laravel\\Sanctum\\PersonalAccessToken))
#12 /Users/zeeshan/Herd/Companies/TSH/personal-assistant/backend/vendor/laravel/framework/src/Illuminate/Database/Eloquent/Relations/HasOneOrMany.php(368): tap(Object(Laravel\\Sanctum\\PersonalAccessToken), Object(Closure))
#13 /Users/zeeshan/Herd/Companies/TSH/personal-assistant/backend/vendor/laravel/sanctum/src/HasApiTokens.php(64): Illuminate\\Database\\Eloquent\\Relations\\HasOneOrMany->create(Array)
#14 /Users/zeeshan/Herd/Companies/TSH/personal-assistant/backend/app/Http/Controllers/AuthController.php(39): App\\Models\\User->createToken('auth_token')
#15 /Users/zeeshan/Herd/Companies/TSH/personal-assistant/backend/vendor/laravel/framework/src/Illuminate/Routing/ControllerDispatcher.php(47): App\\Http\\Controllers\\AuthController->register(Object(Illuminate\\Http\\Request))
#16 /Users/zeeshan/Herd/Companies/TSH/personal-assistant/backend/vendor/laravel/framework/src/Illuminate/Routing/Route.php(266): Illuminate\\Routing\\ControllerDispatcher->dispatch(Object(Illuminate\\Routing\\Route), Object(App\\Http\\Controllers\\AuthController), 'register')
#17 /Users/zeeshan/Herd/Companies/TSH/personal-assistant/backend/vendor/laravel/framework/src/Illuminate/Routing/Route.php(212): Illuminate\\Routing\\Route->runController()
#18 /Users/zeeshan/Herd/Companies/TSH/personal-assistant/backend/vendor/laravel/framework/src/Illuminate/Routing/Router.php(808): Illuminate\\Routing\\Route->run()
#19 /Users/zeeshan/Herd/Companies/TSH/personal-assistant/backend/vendor/laravel/framework/src/Illuminate/Pipeline/Pipeline.php(170): Illuminate\\Routing\\Router->Illuminate\\Routing\\{closure}(Object(Illuminate\\Http\\Request))
#20 /Users/zeeshan/Herd/Companies/TSH/personal-assistant/backend/vendor/laravel/framework/src/Illuminate/Routing/Middleware/SubstituteBindings.php(51): Illuminate\\Pipeline\\Pipeline->Illuminate\\Pipeline\\{closure}(Object(Illuminate\\Http\\Request))
#21 /Users/zeeshan/Herd/Companies/TSH/personal-assistant/backend/vendor/laravel/framework/src/Illuminate/Pipeline/Pipeline.php(209): Illuminate\\Routing\\Middleware\\SubstituteBindings->handle(Object(Illuminate\\Http\\Request), Object(Closure))
#22 /Users/zeeshan/Herd/Companies/TSH/personal-assistant/backend/vendor/laravel/sanctum/src/Http/Middleware/EnsureFrontendRequestsAreStateful.php(26): Illuminate\\Pipeline\\Pipeline->Illuminate\\Pipeline\\{closure}(Object(Illuminate\\Http\\Request))
#23 /Users/zeeshan/Herd/Companies/TSH/personal-assistant/backend/vendor/laravel/framework/src/Illuminate/Pipeline/Pipeline.php(170): Laravel\\Sanctum\\Http\\Middleware\\EnsureFrontendRequestsAreStateful->Laravel\\Sanctum\\Http\\Middleware\\{closure}(Object(Illuminate\\Http\\Request))
#24 /Users/zeeshan/Herd/Companies/TSH/personal-assistant/backend/vendor/laravel/sanctum/src/Http/Middleware/AuthenticateSession.php(43): Illuminate\\Pipeline\\Pipeline->Illuminate\\Pipeline\\{closure}(Object(Illuminate\\Http\\Request))
#25 /Users/zeeshan/Herd/Companies/TSH/personal-assistant/backend/vendor/laravel/framework/src/Illuminate/Pipeline/Pipeline.php(209): Laravel\\Sanctum\\Http\\Middleware\\AuthenticateSession->handle(Object(Illuminate\\Http\\Request), Object(Closure))
#26 /Users/zeeshan/Herd/Companies/TSH/personal-assistant/backend/vendor/laravel/framework/src/Illuminate/Foundation/Http/Middleware/VerifyCsrfToken.php(88): Illuminate\\Pipeline\\Pipeline->Illuminate\\Pipeline\\{closure}(Object(Illuminate\\Http\\Request))
#27 /Users/zeeshan/Herd/Companies/TSH/personal-assistant/backend/vendor/laravel/framework/src/Illuminate/Pipeline/Pipeline.php(209): Illuminate\\Foundation\\Http\\Middleware\\VerifyCsrfToken->handle(Object(Illuminate\\Http\\Request), Object(Closure))
#28 /Users/zeeshan/Herd/Companies/TSH/personal-assistant/backend/vendor/laravel/framework/src/Illuminate/Session/Middleware/StartSession.php(121): Illuminate\\Pipeline\\Pipeline->Illuminate\\Pipeline\\{closure}(Object(Illuminate\\Http\\Request))
#29 /Users/zeeshan/Herd/Companies/TSH/personal-assistant/backend/vendor/laravel/framework/src/Illuminate/Session/Middleware/StartSession.php(64): Illuminate\\Session\\Middleware\\StartSession->handleStatefulRequest(Object(Illuminate\\Http\\Request), Object(Illuminate\\Session\\Store), Object(Closure))
#30 /Users/zeeshan/Herd/Companies/TSH/personal-assistant/backend/vendor/laravel/framework/src/Illuminate/Pipeline/Pipeline.php(209): Illuminate\\Session\\Middleware\\StartSession->handle(Object(Illuminate\\Http\\Request), Object(Closure))
#31 /Users/zeeshan/Herd/Companies/TSH/personal-assistant/backend/vendor/laravel/framework/src/Illuminate/Cookie/Middleware/AddQueuedCookiesToResponse.php(37): Illuminate\\Pipeline\\Pipeline->Illuminate\\Pipeline\\{closure}(Object(Illuminate\\Http\\Request))
#32 /Users/zeeshan/Herd/Companies/TSH/personal-assistant/backend/vendor/laravel/framework/src/Illuminate/Pipeline/Pipeline.php(209): Illuminate\\Cookie\\Middleware\\AddQueuedCookiesToResponse->handle(Object(Illuminate\\Http\\Request), Object(Closure))
#33 /Users/zeeshan/Herd/Companies/TSH/personal-assistant/backend/vendor/laravel/framework/src/Illuminate/Cookie/Middleware/EncryptCookies.php(75): Illuminate\\Pipeline\\Pipeline->Illuminate\\Pipeline\\{closure}(Object(Illuminate\\Http\\Request))
#34 /Users/zeeshan/Herd/Companies/TSH/personal-assistant/backend/vendor/laravel/framework/src/Illuminate/Pipeline/Pipeline.php(209): Illuminate\\Cookie\\Middleware\\EncryptCookies->handle(Object(Illuminate\\Http\\Request), Object(Closure))
#35 /Users/zeeshan/Herd/Companies/TSH/personal-assistant/backend/vendor/laravel/sanctum/src/Http/Middleware/EnsureFrontendRequestsAreStateful.php(61): Illuminate\\Pipeline\\Pipeline->Illuminate\\Pipeline\\{closure}(Object(Illuminate\\Http\\Request))
#36 /Users/zeeshan/Herd/Companies/TSH/personal-assistant/backend/vendor/laravel/framework/src/Illuminate/Pipeline/Pipeline.php(191): Laravel\\Sanctum\\Http\\Middleware\\EnsureFrontendRequestsAreStateful->Laravel\\Sanctum\\Http\\Middleware\\{closure}(Object(Illuminate\\Http\\Request), Object(Closure))
#37 /Users/zeeshan/Herd/Companies/TSH/personal-assistant/backend/vendor/laravel/framework/src/Illuminate/Pipeline/Pipeline.php(127): Illuminate\\Pipeline\\Pipeline->Illuminate\\Pipeline\\{closure}(Object(Illuminate\\Http\\Request))
#38 /Users/zeeshan/Herd/Companies/TSH/personal-assistant/backend/vendor/laravel/sanctum/src/Http/Middleware/EnsureFrontendRequestsAreStateful.php(25): Illuminate\\Pipeline\\Pipeline->then(Object(Closure))
#39 /Users/zeeshan/Herd/Companies/TSH/personal-assistant/backend/vendor/laravel/framework/src/Illuminate/Pipeline/Pipeline.php(209): Laravel\\Sanctum\\Http\\Middleware\\EnsureFrontendRequestsAreStateful->handle(Object(Illuminate\\Http\\Request), Object(Closure))
#40 /Users/zeeshan/Herd/Companies/TSH/personal-assistant/backend/vendor/laravel/framework/src/Illuminate/Pipeline/Pipeline.php(127): Illuminate\\Pipeline\\Pipeline->Illuminate\\Pipeline\\{closure}(Object(Illuminate\\Http\\Request))
#41 /Users/zeeshan/Herd/Companies/TSH/personal-assistant/backend/vendor/laravel/framework/src/Illuminate/Routing/Router.php(807): Illuminate\\Pipeline\\Pipeline->then(Object(Closure))
#42 /Users/zeeshan/Herd/Companies/TSH/personal-assistant/backend/vendor/laravel/framework/src/Illuminate/Routing/Router.php(786): Illuminate\\Routing\\Router->runRouteWithinStack(Object(Illuminate\\Routing\\Route), Object(Illuminate\\Http\\Request))
#43 /Users/zeeshan/Herd/Companies/TSH/personal-assistant/backend/vendor/laravel/framework/src/Illuminate/Routing/Router.php(750): Illuminate\\Routing\\Router->runRoute(Object(Illuminate\\Http\\Request), Object(Illuminate\\Routing\\Route))
#44 /Users/zeeshan/Herd/Companies/TSH/personal-assistant/backend/vendor/laravel/framework/src/Illuminate/Routing/Router.php(739): Illuminate\\Routing\\Router->dispatchToRoute(Object(Illuminate\\Http\\Request))
#45 /Users/zeeshan/Herd/Companies/TSH/personal-assistant/backend/vendor/laravel/framework/src/Illuminate/Foundation/Http/Kernel.php(201): Illuminate\\Routing\\Router->dispatch(Object(Illuminate\\Http\\Request))
#46 /Users/zeeshan/Herd/Companies/TSH/personal-assistant/backend/vendor/laravel/framework/src/Illuminate/Pipeline/Pipeline.php(170): Illuminate\\Foundation\\Http\\Kernel->Illuminate\\Foundation\\Http\\{closure}(Object(Illuminate\\Http\\Request))
#47 /Users/zeeshan/Herd/Companies/TSH/personal-assistant/backend/vendor/laravel/framework/src/Illuminate/Foundation/Http/Middleware/TransformsRequest.php(21): Illuminate\\Pipeline\\Pipeline->Illuminate\\Pipeline\\{closure}(Object(Illuminate\\Http\\Request))
#48 /Users/zeeshan/Herd/Companies/TSH/personal-assistant/backend/vendor/laravel/framework/src/Illuminate/Foundation/Http/Middleware/ConvertEmptyStringsToNull.php(31): Illuminate\\Foundation\\Http\\Middleware\\TransformsRequest->handle(Object(Illuminate\\Http\\Request), Object(Closure))
#49 /Users/zeeshan/Herd/Companies/TSH/personal-assistant/backend/vendor/laravel/framework/src/Illuminate/Pipeline/Pipeline.php(209): Illuminate\\Foundation\\Http\\Middleware\\ConvertEmptyStringsToNull->handle(Object(Illuminate\\Http\\Request), Object(Closure))
#50 /Users/zeeshan/Herd/Companies/TSH/personal-assistant/backend/vendor/laravel/framework/src/Illuminate/Foundation/Http/Middleware/TransformsRequest.php(21): Illuminate\\Pipeline\\Pipeline->Illuminate\\Pipeline\\{closure}(Object(Illuminate\\Http\\Request))
#51 /Users/zeeshan/Herd/Companies/TSH/personal-assistant/backend/vendor/laravel/framework/src/Illuminate/Foundation/Http/Middleware/TrimStrings.php(51): Illuminate\\Foundation\\Http\\Middleware\\TransformsRequest->handle(Object(Illuminate\\Http\\Request), Object(Closure))
#52 /Users/zeeshan/Herd/Companies/TSH/personal-assistant/backend/vendor/laravel/framework/src/Illuminate/Pipeline/Pipeline.php(209): Illuminate\\Foundation\\Http\\Middleware\\TrimStrings->handle(Object(Illuminate\\Http\\Request), Object(Closure))
#53 /Users/zeeshan/Herd/Companies/TSH/personal-assistant/backend/vendor/laravel/framework/src/Illuminate/Http/Middleware/ValidatePostSize.php(27): Illuminate\\Pipeline\\Pipeline->Illuminate\\Pipeline\\{closure}(Object(Illuminate\\Http\\Request))
#54 /Users/zeeshan/Herd/Companies/TSH/personal-assistant/backend/vendor/laravel/framework/src/Illuminate/Pipeline/Pipeline.php(209): Illuminate\\Http\\Middleware\\ValidatePostSize->handle(Object(Illuminate\\Http\\Request), Object(Closure))
#55 /Users/zeeshan/Herd/Companies/TSH/personal-assistant/backend/vendor/laravel/framework/src/Illuminate/Foundation/Http/Middleware/PreventRequestsDuringMaintenance.php(110): Illuminate\\Pipeline\\Pipeline->Illuminate\\Pipeline\\{closure}(Object(Illuminate\\Http\\Request))
#56 /Users/zeeshan/Herd/Companies/TSH/personal-assistant/backend/vendor/laravel/framework/src/Illuminate/Pipeline/Pipeline.php(209): Illuminate\\Foundation\\Http\\Middleware\\PreventRequestsDuringMaintenance->handle(Object(Illuminate\\Http\\Request), Object(Closure))
#57 /Users/zeeshan/Herd/Companies/TSH/personal-assistant/backend/vendor/laravel/framework/src/Illuminate/Http/Middleware/HandleCors.php(62): Illuminate\\Pipeline\\Pipeline->Illuminate\\Pipeline\\{closure}(Object(Illuminate\\Http\\Request))
#58 /Users/zeeshan/Herd/Companies/TSH/personal-assistant/backend/vendor/laravel/framework/src/Illuminate/Pipeline/Pipeline.php(209): Illuminate\\Http\\Middleware\\HandleCors->handle(Object(Illuminate\\Http\\Request), Object(Closure))
#59 /Users/zeeshan/Herd/Companies/TSH/personal-assistant/backend/vendor/laravel/framework/src/Illuminate/Http/Middleware/TrustProxies.php(58): Illuminate\\Pipeline\\Pipeline->Illuminate\\Pipeline\\{closure}(Object(Illuminate\\Http\\Request))
#60 /Users/zeeshan/Herd/Companies/TSH/personal-assistant/backend/vendor/laravel/framework/src/Illuminate/Pipeline/Pipeline.php(209): Illuminate\\Http\\Middleware\\TrustProxies->handle(Object(Illuminate\\Http\\Request), Object(Closure))
#61 /Users/zeeshan/Herd/Companies/TSH/personal-assistant/backend/vendor/laravel/framework/src/Illuminate/Foundation/Http/Middleware/InvokeDeferredCallbacks.php(22): Illuminate\\Pipeline\\Pipeline->Illuminate\\Pipeline\\{closure}(Object(Illuminate\\Http\\Request))
#62 /Users/zeeshan/Herd/Companies/TSH/personal-assistant/backend/vendor/laravel/framework/src/Illuminate/Pipeline/Pipeline.php(209): Illuminate\\Foundation\\Http\\Middleware\\InvokeDeferredCallbacks->handle(Object(Illuminate\\Http\\Request), Object(Closure))
#63 /Users/zeeshan/Herd/Companies/TSH/personal-assistant/backend/vendor/laravel/framework/src/Illuminate/Pipeline/Pipeline.php(127): Illuminate\\Pipeline\\Pipeline->Illuminate\\Pipeline\\{closure}(Object(Illuminate\\Http\\Request))
#64 /Users/zeeshan/Herd/Companies/TSH/personal-assistant/backend/vendor/laravel/framework/src/Illuminate/Foundation/Http/Kernel.php(176): Illuminate\\Pipeline\\Pipeline->then(Object(Closure))
#65 /Users/zeeshan/Herd/Companies/TSH/personal-assistant/backend/vendor/laravel/framework/src/Illuminate/Foundation/Http/Kernel.php(145): Illuminate\\Foundation\\Http\\Kernel->sendRequestThroughRouter(Object(Illuminate\\Http\\Request))
#66 /Users/zeeshan/Herd/Companies/TSH/personal-assistant/backend/public/index.php(17): Illuminate\\Foundation\\Http\\Kernel->handle(Object(Illuminate\\Http\\Request))
#67 /Users/zeeshan/Herd/Companies/TSH/personal-assistant/backend/vendor/laravel/framework/src/Illuminate/Foundation/resources/server.php(23): require_once('/Users/zeeshan/...')
#68 {main}
"} 
[2025-12-07 11:11:40] local.ERROR: SQLSTATE[42S02]: Base table or view not found: 1146 Table 'personal_assistant.personal_access_tokens' doesn't exist (Connection: mysql, SQL: insert into `personal_access_tokens` (`name`, `token`, `abilities`, `expires_at`, `tokenable_id`, `tokenable_type`, `updated_at`, `created_at`) values (auth_token, 9c24555496120c7719806d3a8e3087539b68a912a55a88dae86229e0d7ba8f1e, ["*"], ?, 1, App\Models\User, 2025-12-07 11:11:40, 2025-12-07 11:11:40)) {"exception":"[object] (Illuminate\\Database\\QueryException(code: 42S02): SQLSTATE[42S02]: Base table or view not found: 1146 Table 'personal_assistant.personal_access_tokens' doesn't exist (Connection: mysql, SQL: insert into `personal_access_tokens` (`name`, `token`, `abilities`, `expires_at`, `tokenable_id`, `tokenable_type`, `updated_at`, `created_at`) values (auth_token, 9c24555496120c7719806d3a8e3087539b68a912a55a88dae86229e0d7ba8f1e, [\"*\"], ?, 1, App\\Models\\User, 2025-12-07 11:11:40, 2025-12-07 11:11:40)) at /Users/zeeshan/Herd/Companies/TSH/personal-assistant/backend/vendor/laravel/framework/src/Illuminate/Database/Connection.php:825)
[stacktrace]
#0 /Users/zeeshan/Herd/Companies/TSH/personal-assistant/backend/vendor/laravel/framework/src/Illuminate/Database/Connection.php(779): Illuminate\\Database\\Connection->runQueryCallback('insert into `pe...', Array, Object(Closure))
#1 /Users/zeeshan/Herd/Companies/TSH/personal-assistant/backend/vendor/laravel/framework/src/Illuminate/Database/MySqlConnection.php(42): Illuminate\\Database\\Connection->run('insert into `pe...', Array, Object(Closure))
#2 /Users/zeeshan/Herd/Companies/TSH/personal-assistant/backend/vendor/laravel/framework/src/Illuminate/Database/Query/Processors/MySqlProcessor.php(35): Illuminate\\Database\\MySqlConnection->insert('insert into `pe...', Array, 'id')
#3 /Users/zeeshan/Herd/Companies/TSH/personal-assistant/backend/vendor/laravel/framework/src/Illuminate/Database/Query/Builder.php(3766): Illuminate\\Database\\Query\\Processors\\MySqlProcessor->processInsertGetId(Object(Illuminate\\Database\\Query\\Builder), 'insert into `pe...', Array, 'id')
#4 /Users/zeeshan/Herd/Companies/TSH/personal-assistant/backend/vendor/laravel/framework/src/Illuminate/Database/Eloquent/Builder.php(2120): Illuminate\\Database\\Query\\Builder->insertGetId(Array, 'id')
#5 /Users/zeeshan/Herd/Companies/TSH/personal-assistant/backend/vendor/laravel/framework/src/Illuminate/Database/Eloquent/Model.php(1359): Illuminate\\Database\\Eloquent\\Builder->__call('insertGetId', Array)
#6 /Users/zeeshan/Herd/Companies/TSH/personal-assistant/backend/vendor/laravel/framework/src/Illuminate/Database/Eloquent/Model.php(1324): Illuminate\\Database\\Eloquent\\Model->insertAndSetId(Object(Illuminate\\Database\\Eloquent\\Builder), Array)
#7 /Users/zeeshan/Herd/Companies/TSH/personal-assistant/backend/vendor/laravel/framework/src/Illuminate/Database/Eloquent/Model.php(1163): Illuminate\\Database\\Eloquent\\Model->performInsert(Object(Illuminate\\Database\\Eloquent\\Builder))
#8 /Users/zeeshan/Herd/Companies/TSH/personal-assistant/backend/vendor/laravel/framework/src/Illuminate/Database/Eloquent/Relations/HasOneOrMany.php(371): Illuminate\\Database\\Eloquent\\Model->save()
#9 /Users/zeeshan/Herd/Companies/TSH/personal-assistant/backend/vendor/laravel/framework/src/Illuminate/Support/helpers.php(399): Illuminate\\Database\\Eloquent\\Relations\\HasOneOrMany->Illuminate\\Database\\Eloquent\\Relations\\{closure}(Object(Laravel\\Sanctum\\PersonalAccessToken))
#10 /Users/zeeshan/Herd/Companies/TSH/personal-assistant/backend/vendor/laravel/framework/src/Illuminate/Database/Eloquent/Relations/HasOneOrMany.php(368): tap(Object(Laravel\\Sanctum\\PersonalAccessToken), Object(Closure))
#11 /Users/zeeshan/Herd/Companies/TSH/personal-assistant/backend/vendor/laravel/sanctum/src/HasApiTokens.php(64): Illuminate\\Database\\Eloquent\\Relations\\HasOneOrMany->create(Array)
#12 /Users/zeeshan/Herd/Companies/TSH/personal-assistant/backend/app/Http/Controllers/AuthController.php(72): App\\Models\\User->createToken('auth_token')
#13 /Users/zeeshan/Herd/Companies/TSH/personal-assistant/backend/vendor/laravel/framework/src/Illuminate/Routing/ControllerDispatcher.php(47): App\\Http\\Controllers\\AuthController->login(Object(Illuminate\\Http\\Request))
#14 /Users/zeeshan/Herd/Companies/TSH/personal-assistant/backend/vendor/laravel/framework/src/Illuminate/Routing/Route.php(266): Illuminate\\Routing\\ControllerDispatcher->dispatch(Object(Illuminate\\Routing\\Route), Object(App\\Http\\Controllers\\AuthController), 'login')
#15 /Users/zeeshan/Herd/Companies/TSH/personal-assistant/backend/vendor/laravel/framework/src/Illuminate/Routing/Route.php(212): Illuminate\\Routing\\Route->runController()
#16 /Users/zeeshan/Herd/Companies/TSH/personal-assistant/backend/vendor/laravel/framework/src/Illuminate/Routing/Router.php(808): Illuminate\\Routing\\Route->run()
#17 /Users/zeeshan/Herd/Companies/TSH/personal-assistant/backend/vendor/laravel/framework/src/Illuminate/Pipeline/Pipeline.php(170): Illuminate\\Routing\\Router->Illuminate\\Routing\\{closure}(Object(Illuminate\\Http\\Request))
#18 /Users/zeeshan/Herd/Companies/TSH/personal-assistant/backend/vendor/laravel/framework/src/Illuminate/Routing/Middleware/SubstituteBindings.php(51): Illuminate\\Pipeline\\Pipeline->Illuminate\\Pipeline\\{closure}(Object(Illuminate\\Http\\Request))
#19 /Users/zeeshan/Herd/Companies/TSH/personal-assistant/backend/vendor/laravel/framework/src/Illuminate/Pipeline/Pipeline.php(209): Illuminate\\Routing\\Middleware\\SubstituteBindings->handle(Object(Illuminate\\Http\\Request), Object(Closure))
#20 /Users/zeeshan/Herd/Companies/TSH/personal-assistant/backend/vendor/laravel/sanctum/src/Http/Middleware/EnsureFrontendRequestsAreStateful.php(26): Illuminate\\Pipeline\\Pipeline->Illuminate\\Pipeline\\{closure}(Object(Illuminate\\Http\\Request))
#21 /Users/zeeshan/Herd/Companies/TSH/personal-assistant/backend/vendor/laravel/framework/src/Illuminate/Pipeline/Pipeline.php(170): Laravel\\Sanctum\\Http\\Middleware\\EnsureFrontendRequestsAreStateful->Laravel\\Sanctum\\Http\\Middleware\\{closure}(Object(Illuminate\\Http\\Request))
#22 /Users/zeeshan/Herd/Companies/TSH/personal-assistant/backend/vendor/laravel/sanctum/src/Http/Middleware/AuthenticateSession.php(43): Illuminate\\Pipeline\\Pipeline->Illuminate\\Pipeline\\{closure}(Object(Illuminate\\Http\\Request))
#23 /Users/zeeshan/Herd/Companies/TSH/personal-assistant/backend/vendor/laravel/framework/src/Illuminate/Pipeline/Pipeline.php(209): Laravel\\Sanctum\\Http\\Middleware\\AuthenticateSession->handle(Object(Illuminate\\Http\\Request), Object(Closure))
#24 /Users/zeeshan/Herd/Companies/TSH/personal-assistant/backend/vendor/laravel/framework/src/Illuminate/Foundation/Http/Middleware/VerifyCsrfToken.php(88): Illuminate\\Pipeline\\Pipeline->Illuminate\\Pipeline\\{closure}(Object(Illuminate\\Http\\Request))
#25 /Users/zeeshan/Herd/Companies/TSH/personal-assistant/backend/vendor/laravel/framework/src/Illuminate/Pipeline/Pipeline.php(209): Illuminate\\Foundation\\Http\\Middleware\\VerifyCsrfToken->handle(Object(Illuminate\\Http\\Request), Object(Closure))
#26 /Users/zeeshan/Herd/Companies/TSH/personal-assistant/backend/vendor/laravel/framework/src/Illuminate/Session/Middleware/StartSession.php(121): Illuminate\\Pipeline\\Pipeline->Illuminate\\Pipeline\\{closure}(Object(Illuminate\\Http\\Request))
#27 /Users/zeeshan/Herd/Companies/TSH/personal-assistant/backend/vendor/laravel/framework/src/Illuminate/Session/Middleware/StartSession.php(64): Illuminate\\Session\\Middleware\\StartSession->handleStatefulRequest(Object(Illuminate\\Http\\Request), Object(Illuminate\\Session\\Store), Object(Closure))
#28 /Users/zeeshan/Herd/Companies/TSH/personal-assistant/backend/vendor/laravel/framework/src/Illuminate/Pipeline/Pipeline.php(209): Illuminate\\Session\\Middleware\\StartSession->handle(Object(Illuminate\\Http\\Request), Object(Closure))
#29 /Users/zeeshan/Herd/Companies/TSH/personal-assistant/backend/vendor/laravel/framework/src/Illuminate/Cookie/Middleware/AddQueuedCookiesToResponse.php(37): Illuminate\\Pipeline\\Pipeline->Illuminate\\Pipeline\\{closure}(Object(Illuminate\\Http\\Request))
#30 /Users/zeeshan/Herd/Companies/TSH/personal-assistant/backend/vendor/laravel/framework/src/Illuminate/Pipeline/Pipeline.php(209): Illuminate\\Cookie\\Middleware\\AddQueuedCookiesToResponse->handle(Object(Illuminate\\Http\\Request), Object(Closure))
#31 /Users/zeeshan/Herd/Companies/TSH/personal-assistant/backend/vendor/laravel/framework/src/Illuminate/Cookie/Middleware/EncryptCookies.php(75): Illuminate\\Pipeline\\Pipeline->Illuminate\\Pipeline\\{closure}(Object(Illuminate\\Http\\Request))
#32 /Users/zeeshan/Herd/Companies/TSH/personal-assistant/backend/vendor/laravel/framework/src/Illuminate/Pipeline/Pipeline.php(209): Illuminate\\Cookie\\Middleware\\EncryptCookies->handle(Object(Illuminate\\Http\\Request), Object(Closure))
#33 /Users/zeeshan/Herd/Companies/TSH/personal-assistant/backend/vendor/laravel/sanctum/src/Http/Middleware/EnsureFrontendRequestsAreStateful.php(61): Illuminate\\Pipeline\\Pipeline->Illuminate\\Pipeline\\{closure}(Object(Illuminate\\Http\\Request))
#34 /Users/zeeshan/Herd/Companies/TSH/personal-assistant/backend/vendor/laravel/framework/src/Illuminate/Pipeline/Pipeline.php(191): Laravel\\Sanctum\\Http\\Middleware\\EnsureFrontendRequestsAreStateful->Laravel\\Sanctum\\Http\\Middleware\\{closure}(Object(Illuminate\\Http\\Request), Object(Closure))
#35 /Users/zeeshan/Herd/Companies/TSH/personal-assistant/backend/vendor/laravel/framework/src/Illuminate/Pipeline/Pipeline.php(127): Illuminate\\Pipeline\\Pipeline->Illuminate\\Pipeline\\{closure}(Object(Illuminate\\Http\\Request))
#36 /Users/zeeshan/Herd/Companies/TSH/personal-assistant/backend/vendor/laravel/sanctum/src/Http/Middleware/EnsureFrontendRequestsAreStateful.php(25): Illuminate\\Pipeline\\Pipeline->then(Object(Closure))
#37 /Users/zeeshan/Herd/Companies/TSH/personal-assistant/backend/vendor/laravel/framework/src/Illuminate/Pipeline/Pipeline.php(209): Laravel\\Sanctum\\Http\\Middleware\\EnsureFrontendRequestsAreStateful->handle(Object(Illuminate\\Http\\Request), Object(Closure))
#38 /Users/zeeshan/Herd/Companies/TSH/personal-assistant/backend/vendor/laravel/framework/src/Illuminate/Pipeline/Pipeline.php(127): Illuminate\\Pipeline\\Pipeline->Illuminate\\Pipeline\\{closure}(Object(Illuminate\\Http\\Request))
#39 /Users/zeeshan/Herd/Companies/TSH/personal-assistant/backend/vendor/laravel/framework/src/Illuminate/Routing/Router.php(807): Illuminate\\Pipeline\\Pipeline->then(Object(Closure))
#40 /Users/zeeshan/Herd/Companies/TSH/personal-assistant/backend/vendor/laravel/framework/src/Illuminate/Routing/Router.php(786): Illuminate\\Routing\\Router->runRouteWithinStack(Object(Illuminate\\Routing\\Route), Object(Illuminate\\Http\\Request))
#41 /Users/zeeshan/Herd/Companies/TSH/personal-assistant/backend/vendor/laravel/framework/src/Illuminate/Routing/Router.php(750): Illuminate\\Routing\\Router->runRoute(Object(Illuminate\\Http\\Request), Object(Illuminate\\Routing\\Route))
#42 /Users/zeeshan/Herd/Companies/TSH/personal-assistant/backend/vendor/laravel/framework/src/Illuminate/Routing/Router.php(739): Illuminate\\Routing\\Router->dispatchToRoute(Object(Illuminate\\Http\\Request))
#43 /Users/zeeshan/Herd/Companies/TSH/personal-assistant/backend/vendor/laravel/framework/src/Illuminate/Foundation/Http/Kernel.php(201): Illuminate\\Routing\\Router->dispatch(Object(Illuminate\\Http\\Request))
#44 /Users/zeeshan/Herd/Companies/TSH/personal-assistant/backend/vendor/laravel/framework/src/Illuminate/Pipeline/Pipeline.php(170): Illuminate\\Foundation\\Http\\Kernel->Illuminate\\Foundation\\Http\\{closure}(Object(Illuminate\\Http\\Request))
#45 /Users/zeeshan/Herd/Companies/TSH/personal-assistant/backend/vendor/laravel/framework/src/Illuminate/Foundation/Http/Middleware/TransformsRequest.php(21): Illuminate\\Pipeline\\Pipeline->Illuminate\\Pipeline\\{closure}(Object(Illuminate\\Http\\Request))
#46 /Users/zeeshan/Herd/Companies/TSH/personal-assistant/backend/vendor/laravel/framework/src/Illuminate/Foundation/Http/Middleware/ConvertEmptyStringsToNull.php(31): Illuminate\\Foundation\\Http\\Middleware\\TransformsRequest->handle(Object(Illuminate\\Http\\Request), Object(Closure))
#47 /Users/zeeshan/Herd/Companies/TSH/personal-assistant/backend/vendor/laravel/framework/src/Illuminate/Pipeline/Pipeline.php(209): Illuminate\\Foundation\\Http\\Middleware\\ConvertEmptyStringsToNull->handle(Object(Illuminate\\Http\\Request), Object(Closure))
#48 /Users/zeeshan/Herd/Companies/TSH/personal-assistant/backend/vendor/laravel/framework/src/Illuminate/Foundation/Http/Middleware/TransformsRequest.php(21): Illuminate\\Pipeline\\Pipeline->Illuminate\\Pipeline\\{closure}(Object(Illuminate\\Http\\Request))
#49 /Users/zeeshan/Herd/Companies/TSH/personal-assistant/backend/vendor/laravel/framework/src/Illuminate/Foundation/Http/Middleware/TrimStrings.php(51): Illuminate\\Foundation\\Http\\Middleware\\TransformsRequest->handle(Object(Illuminate\\Http\\Request), Object(Closure))
#50 /Users/zeeshan/Herd/Companies/TSH/personal-assistant/backend/vendor/laravel/framework/src/Illuminate/Pipeline/Pipeline.php(209): Illuminate\\Foundation\\Http\\Middleware\\TrimStrings->handle(Object(Illuminate\\Http\\Request), Object(Closure))
#51 /Users/zeeshan/Herd/Companies/TSH/personal-assistant/backend/vendor/laravel/framework/src/Illuminate/Http/Middleware/ValidatePostSize.php(27): Illuminate\\Pipeline\\Pipeline->Illuminate\\Pipeline\\{closure}(Object(Illuminate\\Http\\Request))
#52 /Users/zeeshan/Herd/Companies/TSH/personal-assistant/backend/vendor/laravel/framework/src/Illuminate/Pipeline/Pipeline.php(209): Illuminate\\Http\\Middleware\\ValidatePostSize->handle(Object(Illuminate\\Http\\Request), Object(Closure))
#53 /Users/zeeshan/Herd/Companies/TSH/personal-assistant/backend/vendor/laravel/framework/src/Illuminate/Foundation/Http/Middleware/PreventRequestsDuringMaintenance.php(110): Illuminate\\Pipeline\\Pipeline->Illuminate\\Pipeline\\{closure}(Object(Illuminate\\Http\\Request))
#54 /Users/zeeshan/Herd/Companies/TSH/personal-assistant/backend/vendor/laravel/framework/src/Illuminate/Pipeline/Pipeline.php(209): Illuminate\\Foundation\\Http\\Middleware\\PreventRequestsDuringMaintenance->handle(Object(Illuminate\\Http\\Request), Object(Closure))
#55 /Users/zeeshan/Herd/Companies/TSH/personal-assistant/backend/vendor/laravel/framework/src/Illuminate/Http/Middleware/HandleCors.php(62): Illuminate\\Pipeline\\Pipeline->Illuminate\\Pipeline\\{closure}(Object(Illuminate\\Http\\Request))
#56 /Users/zeeshan/Herd/Companies/TSH/personal-assistant/backend/vendor/laravel/framework/src/Illuminate/Pipeline/Pipeline.php(209): Illuminate\\Http\\Middleware\\HandleCors->handle(Object(Illuminate\\Http\\Request), Object(Closure))
#57 /Users/zeeshan/Herd/Companies/TSH/personal-assistant/backend/vendor/laravel/framework/src/Illuminate/Http/Middleware/TrustProxies.php(58): Illuminate\\Pipeline\\Pipeline->Illuminate\\Pipeline\\{closure}(Object(Illuminate\\Http\\Request))
#58 /Users/zeeshan/Herd/Companies/TSH/personal-assistant/backend/vendor/laravel/framework/src/Illuminate/Pipeline/Pipeline.php(209): Illuminate\\Http\\Middleware\\TrustProxies->handle(Object(Illuminate\\Http\\Request), Object(Closure))
#59 /Users/zeeshan/Herd/Companies/TSH/personal-assistant/backend/vendor/laravel/framework/src/Illuminate/Foundation/Http/Middleware/InvokeDeferredCallbacks.php(22): Illuminate\\Pipeline\\Pipeline->Illuminate\\Pipeline\\{closure}(Object(Illuminate\\Http\\Request))
#60 /Users/zeeshan/Herd/Companies/TSH/personal-assistant/backend/vendor/laravel/framework/src/Illuminate/Pipeline/Pipeline.php(209): Illuminate\\Foundation\\Http\\Middleware\\InvokeDeferredCallbacks->handle(Object(Illuminate\\Http\\Request), Object(Closure))
#61 /Users/zeeshan/Herd/Companies/TSH/personal-assistant/backend/vendor/laravel/framework/src/Illuminate/Pipeline/Pipeline.php(127): Illuminate\\Pipeline\\Pipeline->Illuminate\\Pipeline\\{closure}(Object(Illuminate\\Http\\Request))
#62 /Users/zeeshan/Herd/Companies/TSH/personal-assistant/backend/vendor/laravel/framework/src/Illuminate/Foundation/Http/Kernel.php(176): Illuminate\\Pipeline\\Pipeline->then(Object(Closure))
#63 /Users/zeeshan/Herd/Companies/TSH/personal-assistant/backend/vendor/laravel/framework/src/Illuminate/Foundation/Http/Kernel.php(145): Illuminate\\Foundation\\Http\\Kernel->sendRequestThroughRouter(Object(Illuminate\\Http\\Request))
#64 /Users/zeeshan/Herd/Companies/TSH/personal-assistant/backend/public/index.php(17): Illuminate\\Foundation\\Http\\Kernel->handle(Object(Illuminate\\Http\\Request))
#65 /Users/zeeshan/Herd/Companies/TSH/personal-assistant/backend/vendor/laravel/framework/src/Illuminate/Foundation/resources/server.php(23): require_once('/Users/zeeshan/...')
#66 {main}

[previous exception] [object] (PDOException(code: 42S02): SQLSTATE[42S02]: Base table or view not found: 1146 Table 'personal_assistant.personal_access_tokens' doesn't exist at /Users/zeeshan/Herd/Companies/TSH/personal-assistant/backend/vendor/laravel/framework/src/Illuminate/Database/MySqlConnection.php:47)
[stacktrace]
#0 /Users/zeeshan/Herd/Companies/TSH/personal-assistant/backend/vendor/laravel/framework/src/Illuminate/Database/MySqlConnection.php(47): PDO->prepare('insert into `pe...')
#1 /Users/zeeshan/Herd/Companies/TSH/personal-assistant/backend/vendor/laravel/framework/src/Illuminate/Database/Connection.php(812): Illuminate\\Database\\MySqlConnection->Illuminate\\Database\\{closure}('insert into `pe...', Array)
#2 /Users/zeeshan/Herd/Companies/TSH/personal-assistant/backend/vendor/laravel/framework/src/Illuminate/Database/Connection.php(779): Illuminate\\Database\\Connection->runQueryCallback('insert into `pe...', Array, Object(Closure))
#3 /Users/zeeshan/Herd/Companies/TSH/personal-assistant/backend/vendor/laravel/framework/src/Illuminate/Database/MySqlConnection.php(42): Illuminate\\Database\\Connection->run('insert into `pe...', Array, Object(Closure))
#4 /Users/zeeshan/Herd/Companies/TSH/personal-assistant/backend/vendor/laravel/framework/src/Illuminate/Database/Query/Processors/MySqlProcessor.php(35): Illuminate\\Database\\MySqlConnection->insert('insert into `pe...', Array, 'id')
#5 /Users/zeeshan/Herd/Companies/TSH/personal-assistant/backend/vendor/laravel/framework/src/Illuminate/Database/Query/Builder.php(3766): Illuminate\\Database\\Query\\Processors\\MySqlProcessor->processInsertGetId(Object(Illuminate\\Database\\Query\\Builder), 'insert into `pe...', Array, 'id')
#6 /Users/zeeshan/Herd/Companies/TSH/personal-assistant/backend/vendor/laravel/framework/src/Illuminate/Database/Eloquent/Builder.php(2120): Illuminate\\Database\\Query\\Builder->insertGetId(Array, 'id')
#7 /Users/zeeshan/Herd/Companies/TSH/personal-assistant/backend/vendor/laravel/framework/src/Illuminate/Database/Eloquent/Model.php(1359): Illuminate\\Database\\Eloquent\\Builder->__call('insertGetId', Array)
#8 /Users/zeeshan/Herd/Companies/TSH/personal-assistant/backend/vendor/laravel/framework/src/Illuminate/Database/Eloquent/Model.php(1324): Illuminate\\Database\\Eloquent\\Model->insertAndSetId(Object(Illuminate\\Database\\Eloquent\\Builder), Array)
#9 /Users/zeeshan/Herd/Companies/TSH/personal-assistant/backend/vendor/laravel/framework/src/Illuminate/Database/Eloquent/Model.php(1163): Illuminate\\Database\\Eloquent\\Model->performInsert(Object(Illuminate\\Database\\Eloquent\\Builder))
#10 /Users/zeeshan/Herd/Companies/TSH/personal-assistant/backend/vendor/laravel/framework/src/Illuminate/Database/Eloquent/Relations/HasOneOrMany.php(371): Illuminate\\Database\\Eloquent\\Model->save()
#11 /Users/zeeshan/Herd/Companies/TSH/personal-assistant/backend/vendor/laravel/framework/src/Illuminate/Support/helpers.php(399): Illuminate\\Database\\Eloquent\\Relations\\HasOneOrMany->Illuminate\\Database\\Eloquent\\Relations\\{closure}(Object(Laravel\\Sanctum\\PersonalAccessToken))
#12 /Users/zeeshan/Herd/Companies/TSH/personal-assistant/backend/vendor/laravel/framework/src/Illuminate/Database/Eloquent/Relations/HasOneOrMany.php(368): tap(Object(Laravel\\Sanctum\\PersonalAccessToken), Object(Closure))
#13 /Users/zeeshan/Herd/Companies/TSH/personal-assistant/backend/vendor/laravel/sanctum/src/HasApiTokens.php(64): Illuminate\\Database\\Eloquent\\Relations\\HasOneOrMany->create(Array)
#14 /Users/zeeshan/Herd/Companies/TSH/personal-assistant/backend/app/Http/Controllers/AuthController.php(72): App\\Models\\User->createToken('auth_token')
#15 /Users/zeeshan/Herd/Companies/TSH/personal-assistant/backend/vendor/laravel/framework/src/Illuminate/Routing/ControllerDispatcher.php(47): App\\Http\\Controllers\\AuthController->login(Object(Illuminate\\Http\\Request))
#16 /Users/zeeshan/Herd/Companies/TSH/personal-assistant/backend/vendor/laravel/framework/src/Illuminate/Routing/Route.php(266): Illuminate\\Routing\\ControllerDispatcher->dispatch(Object(Illuminate\\Routing\\Route), Object(App\\Http\\Controllers\\AuthController), 'login')
#17 /Users/zeeshan/Herd/Companies/TSH/personal-assistant/backend/vendor/laravel/framework/src/Illuminate/Routing/Route.php(212): Illuminate\\Routing\\Route->runController()
#18 /Users/zeeshan/Herd/Companies/TSH/personal-assistant/backend/vendor/laravel/framework/src/Illuminate/Routing/Router.php(808): Illuminate\\Routing\\Route->run()
#19 /Users/zeeshan/Herd/Companies/TSH/personal-assistant/backend/vendor/laravel/framework/src/Illuminate/Pipeline/Pipeline.php(170): Illuminate\\Routing\\Router->Illuminate\\Routing\\{closure}(Object(Illuminate\\Http\\Request))
#20 /Users/zeeshan/Herd/Companies/TSH/personal-assistant/backend/vendor/laravel/framework/src/Illuminate/Routing/Middleware/SubstituteBindings.php(51): Illuminate\\Pipeline\\Pipeline->Illuminate\\Pipeline\\{closure}(Object(Illuminate\\Http\\Request))
#21 /Users/zeeshan/Herd/Companies/TSH/personal-assistant/backend/vendor/laravel/framework/src/Illuminate/Pipeline/Pipeline.php(209): Illuminate\\Routing\\Middleware\\SubstituteBindings->handle(Object(Illuminate\\Http\\Request), Object(Closure))
#22 /Users/zeeshan/Herd/Companies/TSH/personal-assistant/backend/vendor/laravel/sanctum/src/Http/Middleware/EnsureFrontendRequestsAreStateful.php(26): Illuminate\\Pipeline\\Pipeline->Illuminate\\Pipeline\\{closure}(Object(Illuminate\\Http\\Request))
#23 /Users/zeeshan/Herd/Companies/TSH/personal-assistant/backend/vendor/laravel/framework/src/Illuminate/Pipeline/Pipeline.php(170): Laravel\\Sanctum\\Http\\Middleware\\EnsureFrontendRequestsAreStateful->Laravel\\Sanctum\\Http\\Middleware\\{closure}(Object(Illuminate\\Http\\Request))
#24 /Users/zeeshan/Herd/Companies/TSH/personal-assistant/backend/vendor/laravel/sanctum/src/Http/Middleware/AuthenticateSession.php(43): Illuminate\\Pipeline\\Pipeline->Illuminate\\Pipeline\\{closure}(Object(Illuminate\\Http\\Request))
#25 /Users/zeeshan/Herd/Companies/TSH/personal-assistant/backend/vendor/laravel/framework/src/Illuminate/Pipeline/Pipeline.php(209): Laravel\\Sanctum\\Http\\Middleware\\AuthenticateSession->handle(Object(Illuminate\\Http\\Request), Object(Closure))
#26 /Users/zeeshan/Herd/Companies/TSH/personal-assistant/backend/vendor/laravel/framework/src/Illuminate/Foundation/Http/Middleware/VerifyCsrfToken.php(88): Illuminate\\Pipeline\\Pipeline->Illuminate\\Pipeline\\{closure}(Object(Illuminate\\Http\\Request))
#27 /Users/zeeshan/Herd/Companies/TSH/personal-assistant/backend/vendor/laravel/framework/src/Illuminate/Pipeline/Pipeline.php(209): Illuminate\\Foundation\\Http\\Middleware\\VerifyCsrfToken->handle(Object(Illuminate\\Http\\Request), Object(Closure))
#28 /Users/zeeshan/Herd/Companies/TSH/personal-assistant/backend/vendor/laravel/framework/src/Illuminate/Session/Middleware/StartSession.php(121): Illuminate\\Pipeline\\Pipeline->Illuminate\\Pipeline\\{closure}(Object(Illuminate\\Http\\Request))
#29 /Users/zeeshan/Herd/Companies/TSH/personal-assistant/backend/vendor/laravel/framework/src/Illuminate/Session/Middleware/StartSession.php(64): Illuminate\\Session\\Middleware\\StartSession->handleStatefulRequest(Object(Illuminate\\Http\\Request), Object(Illuminate\\Session\\Store), Object(Closure))
#30 /Users/zeeshan/Herd/Companies/TSH/personal-assistant/backend/vendor/laravel/framework/src/Illuminate/Pipeline/Pipeline.php(209): Illuminate\\Session\\Middleware\\StartSession->handle(Object(Illuminate\\Http\\Request), Object(Closure))
#31 /Users/zeeshan/Herd/Companies/TSH/personal-assistant/backend/vendor/laravel/framework/src/Illuminate/Cookie/Middleware/AddQueuedCookiesToResponse.php(37): Illuminate\\Pipeline\\Pipeline->Illuminate\\Pipeline\\{closure}(Object(Illuminate\\Http\\Request))
#32 /Users/zeeshan/Herd/Companies/TSH/personal-assistant/backend/vendor/laravel/framework/src/Illuminate/Pipeline/Pipeline.php(209): Illuminate\\Cookie\\Middleware\\AddQueuedCookiesToResponse->handle(Object(Illuminate\\Http\\Request), Object(Closure))
#33 /Users/zeeshan/Herd/Companies/TSH/personal-assistant/backend/vendor/laravel/framework/src/Illuminate/Cookie/Middleware/EncryptCookies.php(75): Illuminate\\Pipeline\\Pipeline->Illuminate\\Pipeline\\{closure}(Object(Illuminate\\Http\\Request))
#34 /Users/zeeshan/Herd/Companies/TSH/personal-assistant/backend/vendor/laravel/framework/src/Illuminate/Pipeline/Pipeline.php(209): Illuminate\\Cookie\\Middleware\\EncryptCookies->handle(Object(Illuminate\\Http\\Request), Object(Closure))
#35 /Users/zeeshan/Herd/Companies/TSH/personal-assistant/backend/vendor/laravel/sanctum/src/Http/Middleware/EnsureFrontendRequestsAreStateful.php(61): Illuminate\\Pipeline\\Pipeline->Illuminate\\Pipeline\\{closure}(Object(Illuminate\\Http\\Request))
#36 /Users/zeeshan/Herd/Companies/TSH/personal-assistant/backend/vendor/laravel/framework/src/Illuminate/Pipeline/Pipeline.php(191): Laravel\\Sanctum\\Http\\Middleware\\EnsureFrontendRequestsAreStateful->Laravel\\Sanctum\\Http\\Middleware\\{closure}(Object(Illuminate\\Http\\Request), Object(Closure))
#37 /Users/zeeshan/Herd/Companies/TSH/personal-assistant/backend/vendor/laravel/framework/src/Illuminate/Pipeline/Pipeline.php(127): Illuminate\\Pipeline\\Pipeline->Illuminate\\Pipeline\\{closure}(Object(Illuminate\\Http\\Request))
#38 /Users/zeeshan/Herd/Companies/TSH/personal-assistant/backend/vendor/laravel/sanctum/src/Http/Middleware/EnsureFrontendRequestsAreStateful.php(25): Illuminate\\Pipeline\\Pipeline->then(Object(Closure))
#39 /Users/zeeshan/Herd/Companies/TSH/personal-assistant/backend/vendor/laravel/framework/src/Illuminate/Pipeline/Pipeline.php(209): Laravel\\Sanctum\\Http\\Middleware\\EnsureFrontendRequestsAreStateful->handle(Object(Illuminate\\Http\\Request), Object(Closure))
#40 /Users/zeeshan/Herd/Companies/TSH/personal-assistant/backend/vendor/laravel/framework/src/Illuminate/Pipeline/Pipeline.php(127): Illuminate\\Pipeline\\Pipeline->Illuminate\\Pipeline\\{closure}(Object(Illuminate\\Http\\Request))
#41 /Users/zeeshan/Herd/Companies/TSH/personal-assistant/backend/vendor/laravel/framework/src/Illuminate/Routing/Router.php(807): Illuminate\\Pipeline\\Pipeline->then(Object(Closure))
#42 /Users/zeeshan/Herd/Companies/TSH/personal-assistant/backend/vendor/laravel/framework/src/Illuminate/Routing/Router.php(786): Illuminate\\Routing\\Router->runRouteWithinStack(Object(Illuminate\\Routing\\Route), Object(Illuminate\\Http\\Request))
#43 /Users/zeeshan/Herd/Companies/TSH/personal-assistant/backend/vendor/laravel/framework/src/Illuminate/Routing/Router.php(750): Illuminate\\Routing\\Router->runRoute(Object(Illuminate\\Http\\Request), Object(Illuminate\\Routing\\Route))
#44 /Users/zeeshan/Herd/Companies/TSH/personal-assistant/backend/vendor/laravel/framework/src/Illuminate/Routing/Router.php(739): Illuminate\\Routing\\Router->dispatchToRoute(Object(Illuminate\\Http\\Request))
#45 /Users/zeeshan/Herd/Companies/TSH/personal-assistant/backend/vendor/laravel/framework/src/Illuminate/Foundation/Http/Kernel.php(201): Illuminate\\Routing\\Router->dispatch(Object(Illuminate\\Http\\Request))
#46 /Users/zeeshan/Herd/Companies/TSH/personal-assistant/backend/vendor/laravel/framework/src/Illuminate/Pipeline/Pipeline.php(170): Illuminate\\Foundation\\Http\\Kernel->Illuminate\\Foundation\\Http\\{closure}(Object(Illuminate\\Http\\Request))
#47 /Users/zeeshan/Herd/Companies/TSH/personal-assistant/backend/vendor/laravel/framework/src/Illuminate/Foundation/Http/Middleware/TransformsRequest.php(21): Illuminate\\Pipeline\\Pipeline->Illuminate\\Pipeline\\{closure}(Object(Illuminate\\Http\\Request))
#48 /Users/zeeshan/Herd/Companies/TSH/personal-assistant/backend/vendor/laravel/framework/src/Illuminate/Foundation/Http/Middleware/ConvertEmptyStringsToNull.php(31): Illuminate\\Foundation\\Http\\Middleware\\TransformsRequest->handle(Object(Illuminate\\Http\\Request), Object(Closure))
#49 /Users/zeeshan/Herd/Companies/TSH/personal-assistant/backend/vendor/laravel/framework/src/Illuminate/Pipeline/Pipeline.php(209): Illuminate\\Foundation\\Http\\Middleware\\ConvertEmptyStringsToNull->handle(Object(Illuminate\\Http\\Request), Object(Closure))
#50 /Users/zeeshan/Herd/Companies/TSH/personal-assistant/backend/vendor/laravel/framework/src/Illuminate/Foundation/Http/Middleware/TransformsRequest.php(21): Illuminate\\Pipeline\\Pipeline->Illuminate\\Pipeline\\{closure}(Object(Illuminate\\Http\\Request))
#51 /Users/zeeshan/Herd/Companies/TSH/personal-assistant/backend/vendor/laravel/framework/src/Illuminate/Foundation/Http/Middleware/TrimStrings.php(51): Illuminate\\Foundation\\Http\\Middleware\\TransformsRequest->handle(Object(Illuminate\\Http\\Request), Object(Closure))
#52 /Users/zeeshan/Herd/Companies/TSH/personal-assistant/backend/vendor/laravel/framework/src/Illuminate/Pipeline/Pipeline.php(209): Illuminate\\Foundation\\Http\\Middleware\\TrimStrings->handle(Object(Illuminate\\Http\\Request), Object(Closure))
#53 /Users/zeeshan/Herd/Companies/TSH/personal-assistant/backend/vendor/laravel/framework/src/Illuminate/Http/Middleware/ValidatePostSize.php(27): Illuminate\\Pipeline\\Pipeline->Illuminate\\Pipeline\\{closure}(Object(Illuminate\\Http\\Request))
#54 /Users/zeeshan/Herd/Companies/TSH/personal-assistant/backend/vendor/laravel/framework/src/Illuminate/Pipeline/Pipeline.php(209): Illuminate\\Http\\Middleware\\ValidatePostSize->handle(Object(Illuminate\\Http\\Request), Object(Closure))
#55 /Users/zeeshan/Herd/Companies/TSH/personal-assistant/backend/vendor/laravel/framework/src/Illuminate/Foundation/Http/Middleware/PreventRequestsDuringMaintenance.php(110): Illuminate\\Pipeline\\Pipeline->Illuminate\\Pipeline\\{closure}(Object(Illuminate\\Http\\Request))
#56 /Users/zeeshan/Herd/Companies/TSH/personal-assistant/backend/vendor/laravel/framework/src/Illuminate/Pipeline/Pipeline.php(209): Illuminate\\Foundation\\Http\\Middleware\\PreventRequestsDuringMaintenance->handle(Object(Illuminate\\Http\\Request), Object(Closure))
#57 /Users/zeeshan/Herd/Companies/TSH/personal-assistant/backend/vendor/laravel/framework/src/Illuminate/Http/Middleware/HandleCors.php(62): Illuminate\\Pipeline\\Pipeline->Illuminate\\Pipeline\\{closure}(Object(Illuminate\\Http\\Request))
#58 /Users/zeeshan/Herd/Companies/TSH/personal-assistant/backend/vendor/laravel/framework/src/Illuminate/Pipeline/Pipeline.php(209): Illuminate\\Http\\Middleware\\HandleCors->handle(Object(Illuminate\\Http\\Request), Object(Closure))
#59 /Users/zeeshan/Herd/Companies/TSH/personal-assistant/backend/vendor/laravel/framework/src/Illuminate/Http/Middleware/TrustProxies.php(58): Illuminate\\Pipeline\\Pipeline->Illuminate\\Pipeline\\{closure}(Object(Illuminate\\Http\\Request))
#60 /Users/zeeshan/Herd/Companies/TSH/personal-assistant/backend/vendor/laravel/framework/src/Illuminate/Pipeline/Pipeline.php(209): Illuminate\\Http\\Middleware\\TrustProxies->handle(Object(Illuminate\\Http\\Request), Object(Closure))
#61 /Users/zeeshan/Herd/Companies/TSH/personal-assistant/backend/vendor/laravel/framework/src/Illuminate/Foundation/Http/Middleware/InvokeDeferredCallbacks.php(22): Illuminate\\Pipeline\\Pipeline->Illuminate\\Pipeline\\{closure}(Object(Illuminate\\Http\\Request))
#62 /Users/zeeshan/Herd/Companies/TSH/personal-assistant/backend/vendor/laravel/framework/src/Illuminate/Pipeline/Pipeline.php(209): Illuminate\\Foundation\\Http\\Middleware\\InvokeDeferredCallbacks->handle(Object(Illuminate\\Http\\Request), Object(Closure))
#63 /Users/zeeshan/Herd/Companies/TSH/personal-assistant/backend/vendor/laravel/framework/src/Illuminate/Pipeline/Pipeline.php(127): Illuminate\\Pipeline\\Pipeline->Illuminate\\Pipeline\\{closure}(Object(Illuminate\\Http\\Request))
#64 /Users/zeeshan/Herd/Companies/TSH/personal-assistant/backend/vendor/laravel/framework/src/Illuminate/Foundation/Http/Kernel.php(176): Illuminate\\Pipeline\\Pipeline->then(Object(Closure))
#65 /Users/zeeshan/Herd/Companies/TSH/personal-assistant/backend/vendor/laravel/framework/src/Illuminate/Foundation/Http/Kernel.php(145): Illuminate\\Foundation\\Http\\Kernel->sendRequestThroughRouter(Object(Illuminate\\Http\\Request))
#66 /Users/zeeshan/Herd/Companies/TSH/personal-assistant/backend/public/index.php(17): Illuminate\\Foundation\\Http\\Kernel->handle(Object(Illuminate\\Http\\Request))
#67 /Users/zeeshan/Herd/Companies/TSH/personal-assistant/backend/vendor/laravel/framework/src/Illuminate/Foundation/resources/server.php(23): require_once('/Users/zeeshan/...')
#68 {main}
"} 
[2025-12-07 11:54:44] local.ERROR: Call to undefined method App\Http\Controllers\SplitExpenseController::transformExpense() {"userId":1,"exception":"[object] (Error(code: 0): Call to undefined method App\\Http\\Controllers\\SplitExpenseController::transformExpense() at /Users/zeeshan/Herd/Companies/TSH/personal-assistant/backend/app/Http/Controllers/SplitExpenseController.php:28)
[stacktrace]
#0 [internal function]: App\\Http\\Controllers\\SplitExpenseController->App\\Http\\Controllers\\{closure}(Object(App\\Models\\SplitExpense), 0)
#1 /Users/zeeshan/Herd/Companies/TSH/personal-assistant/backend/vendor/laravel/framework/src/Illuminate/Collections/Arr.php(609): array_map(Object(Closure), Array, Array)
#2 /Users/zeeshan/Herd/Companies/TSH/personal-assistant/backend/vendor/laravel/framework/src/Illuminate/Collections/Collection.php(799): Illuminate\\Support\\Arr::map(Array, Object(Closure))
#3 /Users/zeeshan/Herd/Companies/TSH/personal-assistant/backend/vendor/laravel/framework/src/Illuminate/Database/Eloquent/Collection.php(388): Illuminate\\Support\\Collection->map(Object(Closure))
#4 /Users/zeeshan/Herd/Companies/TSH/personal-assistant/backend/app/Http/Controllers/SplitExpenseController.php(27): Illuminate\\Database\\Eloquent\\Collection->map(Object(Closure))
#5 /Users/zeeshan/Herd/Companies/TSH/personal-assistant/backend/vendor/laravel/framework/src/Illuminate/Routing/ControllerDispatcher.php(47): App\\Http\\Controllers\\SplitExpenseController->index(Object(Illuminate\\Http\\Request), '1')
#6 /Users/zeeshan/Herd/Companies/TSH/personal-assistant/backend/vendor/laravel/framework/src/Illuminate/Routing/Route.php(266): Illuminate\\Routing\\ControllerDispatcher->dispatch(Object(Illuminate\\Routing\\Route), Object(App\\Http\\Controllers\\SplitExpenseController), 'index')
#7 /Users/zeeshan/Herd/Companies/TSH/personal-assistant/backend/vendor/laravel/framework/src/Illuminate/Routing/Route.php(212): Illuminate\\Routing\\Route->runController()
#8 /Users/zeeshan/Herd/Companies/TSH/personal-assistant/backend/vendor/laravel/framework/src/Illuminate/Routing/Router.php(808): Illuminate\\Routing\\Route->run()
#9 /Users/zeeshan/Herd/Companies/TSH/personal-assistant/backend/vendor/laravel/framework/src/Illuminate/Pipeline/Pipeline.php(170): Illuminate\\Routing\\Router->Illuminate\\Routing\\{closure}(Object(Illuminate\\Http\\Request))
#10 /Users/zeeshan/Herd/Companies/TSH/personal-assistant/backend/vendor/laravel/framework/src/Illuminate/Routing/Middleware/SubstituteBindings.php(51): Illuminate\\Pipeline\\Pipeline->Illuminate\\Pipeline\\{closure}(Object(Illuminate\\Http\\Request))
#11 /Users/zeeshan/Herd/Companies/TSH/personal-assistant/backend/vendor/laravel/framework/src/Illuminate/Pipeline/Pipeline.php(209): Illuminate\\Routing\\Middleware\\SubstituteBindings->handle(Object(Illuminate\\Http\\Request), Object(Closure))
#12 /Users/zeeshan/Herd/Companies/TSH/personal-assistant/backend/vendor/laravel/framework/src/Illuminate/Auth/Middleware/Authenticate.php(64): Illuminate\\Pipeline\\Pipeline->Illuminate\\Pipeline\\{closure}(Object(Illuminate\\Http\\Request))
#13 /Users/zeeshan/Herd/Companies/TSH/personal-assistant/backend/vendor/laravel/framework/src/Illuminate/Pipeline/Pipeline.php(209): Illuminate\\Auth\\Middleware\\Authenticate->handle(Object(Illuminate\\Http\\Request), Object(Closure), 'sanctum')
#14 /Users/zeeshan/Herd/Companies/TSH/personal-assistant/backend/vendor/laravel/sanctum/src/Http/Middleware/EnsureFrontendRequestsAreStateful.php(26): Illuminate\\Pipeline\\Pipeline->Illuminate\\Pipeline\\{closure}(Object(Illuminate\\Http\\Request))
#15 /Users/zeeshan/Herd/Companies/TSH/personal-assistant/backend/vendor/laravel/framework/src/Illuminate/Pipeline/Pipeline.php(170): Laravel\\Sanctum\\Http\\Middleware\\EnsureFrontendRequestsAreStateful->Laravel\\Sanctum\\Http\\Middleware\\{closure}(Object(Illuminate\\Http\\Request))
#16 /Users/zeeshan/Herd/Companies/TSH/personal-assistant/backend/vendor/laravel/sanctum/src/Http/Middleware/AuthenticateSession.php(43): Illuminate\\Pipeline\\Pipeline->Illuminate\\Pipeline\\{closure}(Object(Illuminate\\Http\\Request))
#17 /Users/zeeshan/Herd/Companies/TSH/personal-assistant/backend/vendor/laravel/framework/src/Illuminate/Pipeline/Pipeline.php(209): Laravel\\Sanctum\\Http\\Middleware\\AuthenticateSession->handle(Object(Illuminate\\Http\\Request), Object(Closure))
#18 /Users/zeeshan/Herd/Companies/TSH/personal-assistant/backend/vendor/laravel/framework/src/Illuminate/Foundation/Http/Middleware/VerifyCsrfToken.php(88): Illuminate\\Pipeline\\Pipeline->Illuminate\\Pipeline\\{closure}(Object(Illuminate\\Http\\Request))
#19 /Users/zeeshan/Herd/Companies/TSH/personal-assistant/backend/vendor/laravel/framework/src/Illuminate/Pipeline/Pipeline.php(209): Illuminate\\Foundation\\Http\\Middleware\\VerifyCsrfToken->handle(Object(Illuminate\\Http\\Request), Object(Closure))
#20 /Users/zeeshan/Herd/Companies/TSH/personal-assistant/backend/vendor/laravel/framework/src/Illuminate/Session/Middleware/StartSession.php(121): Illuminate\\Pipeline\\Pipeline->Illuminate\\Pipeline\\{closure}(Object(Illuminate\\Http\\Request))
#21 /Users/zeeshan/Herd/Companies/TSH/personal-assistant/backend/vendor/laravel/framework/src/Illuminate/Session/Middleware/StartSession.php(64): Illuminate\\Session\\Middleware\\StartSession->handleStatefulRequest(Object(Illuminate\\Http\\Request), Object(Illuminate\\Session\\Store), Object(Closure))
#22 /Users/zeeshan/Herd/Companies/TSH/personal-assistant/backend/vendor/laravel/framework/src/Illuminate/Pipeline/Pipeline.php(209): Illuminate\\Session\\Middleware\\StartSession->handle(Object(Illuminate\\Http\\Request), Object(Closure))
#23 /Users/zeeshan/Herd/Companies/TSH/personal-assistant/backend/vendor/laravel/framework/src/Illuminate/Cookie/Middleware/AddQueuedCookiesToResponse.php(37): Illuminate\\Pipeline\\Pipeline->Illuminate\\Pipeline\\{closure}(Object(Illuminate\\Http\\Request))
#24 /Users/zeeshan/Herd/Companies/TSH/personal-assistant/backend/vendor/laravel/framework/src/Illuminate/Pipeline/Pipeline.php(209): Illuminate\\Cookie\\Middleware\\AddQueuedCookiesToResponse->handle(Object(Illuminate\\Http\\Request), Object(Closure))
#25 /Users/zeeshan/Herd/Companies/TSH/personal-assistant/backend/vendor/laravel/framework/src/Illuminate/Cookie/Middleware/EncryptCookies.php(75): Illuminate\\Pipeline\\Pipeline->Illuminate\\Pipeline\\{closure}(Object(Illuminate\\Http\\Request))
#26 /Users/zeeshan/Herd/Companies/TSH/personal-assistant/backend/vendor/laravel/framework/src/Illuminate/Pipeline/Pipeline.php(209): Illuminate\\Cookie\\Middleware\\EncryptCookies->handle(Object(Illuminate\\Http\\Request), Object(Closure))
#27 /Users/zeeshan/Herd/Companies/TSH/personal-assistant/backend/vendor/laravel/sanctum/src/Http/Middleware/EnsureFrontendRequestsAreStateful.php(61): Illuminate\\Pipeline\\Pipeline->Illuminate\\Pipeline\\{closure}(Object(Illuminate\\Http\\Request))
#28 /Users/zeeshan/Herd/Companies/TSH/personal-assistant/backend/vendor/laravel/framework/src/Illuminate/Pipeline/Pipeline.php(191): Laravel\\Sanctum\\Http\\Middleware\\EnsureFrontendRequestsAreStateful->Laravel\\Sanctum\\Http\\Middleware\\{closure}(Object(Illuminate\\Http\\Request), Object(Closure))
#29 /Users/zeeshan/Herd/Companies/TSH/personal-assistant/backend/vendor/laravel/framework/src/Illuminate/Pipeline/Pipeline.php(127): Illuminate\\Pipeline\\Pipeline->Illuminate\\Pipeline\\{closure}(Object(Illuminate\\Http\\Request))
#30 /Users/zeeshan/Herd/Companies/TSH/personal-assistant/backend/vendor/laravel/sanctum/src/Http/Middleware/EnsureFrontendRequestsAreStateful.php(25): Illuminate\\Pipeline\\Pipeline->then(Object(Closure))
#31 /Users/zeeshan/Herd/Companies/TSH/personal-assistant/backend/vendor/laravel/framework/src/Illuminate/Pipeline/Pipeline.php(209): Laravel\\Sanctum\\Http\\Middleware\\EnsureFrontendRequestsAreStateful->handle(Object(Illuminate\\Http\\Request), Object(Closure))
#32 /Users/zeeshan/Herd/Companies/TSH/personal-assistant/backend/vendor/laravel/framework/src/Illuminate/Pipeline/Pipeline.php(127): Illuminate\\Pipeline\\Pipeline->Illuminate\\Pipeline\\{closure}(Object(Illuminate\\Http\\Request))
#33 /Users/zeeshan/Herd/Companies/TSH/personal-assistant/backend/vendor/laravel/framework/src/Illuminate/Routing/Router.php(807): Illuminate\\Pipeline\\Pipeline->then(Object(Closure))
#34 /Users/zeeshan/Herd/Companies/TSH/personal-assistant/backend/vendor/laravel/framework/src/Illuminate/Routing/Router.php(786): Illuminate\\Routing\\Router->runRouteWithinStack(Object(Illuminate\\Routing\\Route), Object(Illuminate\\Http\\Request))
#35 /Users/zeeshan/Herd/Companies/TSH/personal-assistant/backend/vendor/laravel/framework/src/Illuminate/Routing/Router.php(750): Illuminate\\Routing\\Router->runRoute(Object(Illuminate\\Http\\Request), Object(Illuminate\\Routing\\Route))
#36 /Users/zeeshan/Herd/Companies/TSH/personal-assistant/backend/vendor/laravel/framework/src/Illuminate/Routing/Router.php(739): Illuminate\\Routing\\Router->dispatchToRoute(Object(Illuminate\\Http\\Request))
#37 /Users/zeeshan/Herd/Companies/TSH/personal-assistant/backend/vendor/laravel/framework/src/Illuminate/Foundation/Http/Kernel.php(201): Illuminate\\Routing\\Router->dispatch(Object(Illuminate\\Http\\Request))
#38 /Users/zeeshan/Herd/Companies/TSH/personal-assistant/backend/vendor/laravel/framework/src/Illuminate/Pipeline/Pipeline.php(170): Illuminate\\Foundation\\Http\\Kernel->Illuminate\\Foundation\\Http\\{closure}(Object(Illuminate\\Http\\Request))
#39 /Users/zeeshan/Herd/Companies/TSH/personal-assistant/backend/vendor/laravel/framework/src/Illuminate/Foundation/Http/Middleware/TransformsRequest.php(21): Illuminate\\Pipeline\\Pipeline->Illuminate\\Pipeline\\{closure}(Object(Illuminate\\Http\\Request))
#40 /Users/zeeshan/Herd/Companies/TSH/personal-assistant/backend/vendor/laravel/framework/src/Illuminate/Foundation/Http/Middleware/ConvertEmptyStringsToNull.php(31): Illuminate\\Foundation\\Http\\Middleware\\TransformsRequest->handle(Object(Illuminate\\Http\\Request), Object(Closure))
#41 /Users/zeeshan/Herd/Companies/TSH/personal-assistant/backend/vendor/laravel/framework/src/Illuminate/Pipeline/Pipeline.php(209): Illuminate\\Foundation\\Http\\Middleware\\ConvertEmptyStringsToNull->handle(Object(Illuminate\\Http\\Request), Object(Closure))
#42 /Users/zeeshan/Herd/Companies/TSH/personal-assistant/backend/vendor/laravel/framework/src/Illuminate/Foundation/Http/Middleware/TransformsRequest.php(21): Illuminate\\Pipeline\\Pipeline->Illuminate\\Pipeline\\{closure}(Object(Illuminate\\Http\\Request))
#43 /Users/zeeshan/Herd/Companies/TSH/personal-assistant/backend/vendor/laravel/framework/src/Illuminate/Foundation/Http/Middleware/TrimStrings.php(51): Illuminate\\Foundation\\Http\\Middleware\\TransformsRequest->handle(Object(Illuminate\\Http\\Request), Object(Closure))
#44 /Users/zeeshan/Herd/Companies/TSH/personal-assistant/backend/vendor/laravel/framework/src/Illuminate/Pipeline/Pipeline.php(209): Illuminate\\Foundation\\Http\\Middleware\\TrimStrings->handle(Object(Illuminate\\Http\\Request), Object(Closure))
#45 /Users/zeeshan/Herd/Companies/TSH/personal-assistant/backend/vendor/laravel/framework/src/Illuminate/Http/Middleware/ValidatePostSize.php(27): Illuminate\\Pipeline\\Pipeline->Illuminate\\Pipeline\\{closure}(Object(Illuminate\\Http\\Request))
#46 /Users/zeeshan/Herd/Companies/TSH/personal-assistant/backend/vendor/laravel/framework/src/Illuminate/Pipeline/Pipeline.php(209): Illuminate\\Http\\Middleware\\ValidatePostSize->handle(Object(Illuminate\\Http\\Request), Object(Closure))
#47 /Users/zeeshan/Herd/Companies/TSH/personal-assistant/backend/vendor/laravel/framework/src/Illuminate/Foundation/Http/Middleware/PreventRequestsDuringMaintenance.php(110): Illuminate\\Pipeline\\Pipeline->Illuminate\\Pipeline\\{closure}(Object(Illuminate\\Http\\Request))
#48 /Users/zeeshan/Herd/Companies/TSH/personal-assistant/backend/vendor/laravel/framework/src/Illuminate/Pipeline/Pipeline.php(209): Illuminate\\Foundation\\Http\\Middleware\\PreventRequestsDuringMaintenance->handle(Object(Illuminate\\Http\\Request), Object(Closure))
#49 /Users/zeeshan/Herd/Companies/TSH/personal-assistant/backend/vendor/laravel/framework/src/Illuminate/Http/Middleware/HandleCors.php(62): Illuminate\\Pipeline\\Pipeline->Illuminate\\Pipeline\\{closure}(Object(Illuminate\\Http\\Request))
#50 /Users/zeeshan/Herd/Companies/TSH/personal-assistant/backend/vendor/laravel/framework/src/Illuminate/Pipeline/Pipeline.php(209): Illuminate\\Http\\Middleware\\HandleCors->handle(Object(Illuminate\\Http\\Request), Object(Closure))
#51 /Users/zeeshan/Herd/Companies/TSH/personal-assistant/backend/vendor/laravel/framework/src/Illuminate/Http/Middleware/TrustProxies.php(58): Illuminate\\Pipeline\\Pipeline->Illuminate\\Pipeline\\{closure}(Object(Illuminate\\Http\\Request))
#52 /Users/zeeshan/Herd/Companies/TSH/personal-assistant/backend/vendor/laravel/framework/src/Illuminate/Pipeline/Pipeline.php(209): Illuminate\\Http\\Middleware\\TrustProxies->handle(Object(Illuminate\\Http\\Request), Object(Closure))
#53 /Users/zeeshan/Herd/Companies/TSH/personal-assistant/backend/vendor/laravel/framework/src/Illuminate/Foundation/Http/Middleware/InvokeDeferredCallbacks.php(22): Illuminate\\Pipeline\\Pipeline->Illuminate\\Pipeline\\{closure}(Object(Illuminate\\Http\\Request))
#54 /Users/zeeshan/Herd/Companies/TSH/personal-assistant/backend/vendor/laravel/framework/src/Illuminate/Pipeline/Pipeline.php(209): Illuminate\\Foundation\\Http\\Middleware\\InvokeDeferredCallbacks->handle(Object(Illuminate\\Http\\Request), Object(Closure))
#55 /Users/zeeshan/Herd/Companies/TSH/personal-assistant/backend/vendor/laravel/framework/src/Illuminate/Pipeline/Pipeline.php(127): Illuminate\\Pipeline\\Pipeline->Illuminate\\Pipeline\\{closure}(Object(Illuminate\\Http\\Request))
#56 /Users/zeeshan/Herd/Companies/TSH/personal-assistant/backend/vendor/laravel/framework/src/Illuminate/Foundation/Http/Kernel.php(176): Illuminate\\Pipeline\\Pipeline->then(Object(Closure))
#57 /Users/zeeshan/Herd/Companies/TSH/personal-assistant/backend/vendor/laravel/framework/src/Illuminate/Foundation/Http/Kernel.php(145): Illuminate\\Foundation\\Http\\Kernel->sendRequestThroughRouter(Object(Illuminate\\Http\\Request))
#58 /Users/zeeshan/Herd/Companies/TSH/personal-assistant/backend/public/index.php(17): Illuminate\\Foundation\\Http\\Kernel->handle(Object(Illuminate\\Http\\Request))
#59 /Users/zeeshan/Herd/Companies/TSH/personal-assistant/backend/vendor/laravel/framework/src/Illuminate/Foundation/resources/server.php(23): require_once('/Users/zeeshan/...')
#60 {main}
"} 
[2025-12-07 11:54:51] local.ERROR: Call to undefined method App\Http\Controllers\SplitExpenseController::transformExpense() {"userId":1,"exception":"[object] (Error(code: 0): Call to undefined method App\\Http\\Controllers\\SplitExpenseController::transformExpense() at /Users/zeeshan/Herd/Companies/TSH/personal-assistant/backend/app/Http/Controllers/SplitExpenseController.php:28)
[stacktrace]
#0 [internal function]: App\\Http\\Controllers\\SplitExpenseController->App\\Http\\Controllers\\{closure}(Object(App\\Models\\SplitExpense), 0)
#1 /Users/zeeshan/Herd/Companies/TSH/personal-assistant/backend/vendor/laravel/framework/src/Illuminate/Collections/Arr.php(609): array_map(Object(Closure), Array, Array)
#2 /Users/zeeshan/Herd/Companies/TSH/personal-assistant/backend/vendor/laravel/framework/src/Illuminate/Collections/Collection.php(799): Illuminate\\Support\\Arr::map(Array, Object(Closure))
#3 /Users/zeeshan/Herd/Companies/TSH/personal-assistant/backend/vendor/laravel/framework/src/Illuminate/Database/Eloquent/Collection.php(388): Illuminate\\Support\\Collection->map(Object(Closure))
#4 /Users/zeeshan/Herd/Companies/TSH/personal-assistant/backend/app/Http/Controllers/SplitExpenseController.php(27): Illuminate\\Database\\Eloquent\\Collection->map(Object(Closure))
#5 /Users/zeeshan/Herd/Companies/TSH/personal-assistant/backend/vendor/laravel/framework/src/Illuminate/Routing/ControllerDispatcher.php(47): App\\Http\\Controllers\\SplitExpenseController->index(Object(Illuminate\\Http\\Request), '1')
#6 /Users/zeeshan/Herd/Companies/TSH/personal-assistant/backend/vendor/laravel/framework/src/Illuminate/Routing/Route.php(266): Illuminate\\Routing\\ControllerDispatcher->dispatch(Object(Illuminate\\Routing\\Route), Object(App\\Http\\Controllers\\SplitExpenseController), 'index')
#7 /Users/zeeshan/Herd/Companies/TSH/personal-assistant/backend/vendor/laravel/framework/src/Illuminate/Routing/Route.php(212): Illuminate\\Routing\\Route->runController()
#8 /Users/zeeshan/Herd/Companies/TSH/personal-assistant/backend/vendor/laravel/framework/src/Illuminate/Routing/Router.php(808): Illuminate\\Routing\\Route->run()
#9 /Users/zeeshan/Herd/Companies/TSH/personal-assistant/backend/vendor/laravel/framework/src/Illuminate/Pipeline/Pipeline.php(170): Illuminate\\Routing\\Router->Illuminate\\Routing\\{closure}(Object(Illuminate\\Http\\Request))
#10 /Users/zeeshan/Herd/Companies/TSH/personal-assistant/backend/vendor/laravel/framework/src/Illuminate/Routing/Middleware/SubstituteBindings.php(51): Illuminate\\Pipeline\\Pipeline->Illuminate\\Pipeline\\{closure}(Object(Illuminate\\Http\\Request))
#11 /Users/zeeshan/Herd/Companies/TSH/personal-assistant/backend/vendor/laravel/framework/src/Illuminate/Pipeline/Pipeline.php(209): Illuminate\\Routing\\Middleware\\SubstituteBindings->handle(Object(Illuminate\\Http\\Request), Object(Closure))
#12 /Users/zeeshan/Herd/Companies/TSH/personal-assistant/backend/vendor/laravel/framework/src/Illuminate/Auth/Middleware/Authenticate.php(64): Illuminate\\Pipeline\\Pipeline->Illuminate\\Pipeline\\{closure}(Object(Illuminate\\Http\\Request))
#13 /Users/zeeshan/Herd/Companies/TSH/personal-assistant/backend/vendor/laravel/framework/src/Illuminate/Pipeline/Pipeline.php(209): Illuminate\\Auth\\Middleware\\Authenticate->handle(Object(Illuminate\\Http\\Request), Object(Closure), 'sanctum')
#14 /Users/zeeshan/Herd/Companies/TSH/personal-assistant/backend/vendor/laravel/sanctum/src/Http/Middleware/EnsureFrontendRequestsAreStateful.php(26): Illuminate\\Pipeline\\Pipeline->Illuminate\\Pipeline\\{closure}(Object(Illuminate\\Http\\Request))
#15 /Users/zeeshan/Herd/Companies/TSH/personal-assistant/backend/vendor/laravel/framework/src/Illuminate/Pipeline/Pipeline.php(170): Laravel\\Sanctum\\Http\\Middleware\\EnsureFrontendRequestsAreStateful->Laravel\\Sanctum\\Http\\Middleware\\{closure}(Object(Illuminate\\Http\\Request))
#16 /Users/zeeshan/Herd/Companies/TSH/personal-assistant/backend/vendor/laravel/sanctum/src/Http/Middleware/AuthenticateSession.php(43): Illuminate\\Pipeline\\Pipeline->Illuminate\\Pipeline\\{closure}(Object(Illuminate\\Http\\Request))
#17 /Users/zeeshan/Herd/Companies/TSH/personal-assistant/backend/vendor/laravel/framework/src/Illuminate/Pipeline/Pipeline.php(209): Laravel\\Sanctum\\Http\\Middleware\\AuthenticateSession->handle(Object(Illuminate\\Http\\Request), Object(Closure))
#18 /Users/zeeshan/Herd/Companies/TSH/personal-assistant/backend/vendor/laravel/framework/src/Illuminate/Foundation/Http/Middleware/VerifyCsrfToken.php(88): Illuminate\\Pipeline\\Pipeline->Illuminate\\Pipeline\\{closure}(Object(Illuminate\\Http\\Request))
#19 /Users/zeeshan/Herd/Companies/TSH/personal-assistant/backend/vendor/laravel/framework/src/Illuminate/Pipeline/Pipeline.php(209): Illuminate\\Foundation\\Http\\Middleware\\VerifyCsrfToken->handle(Object(Illuminate\\Http\\Request), Object(Closure))
#20 /Users/zeeshan/Herd/Companies/TSH/personal-assistant/backend/vendor/laravel/framework/src/Illuminate/Session/Middleware/StartSession.php(121): Illuminate\\Pipeline\\Pipeline->Illuminate\\Pipeline\\{closure}(Object(Illuminate\\Http\\Request))
#21 /Users/zeeshan/Herd/Companies/TSH/personal-assistant/backend/vendor/laravel/framework/src/Illuminate/Session/Middleware/StartSession.php(64): Illuminate\\Session\\Middleware\\StartSession->handleStatefulRequest(Object(Illuminate\\Http\\Request), Object(Illuminate\\Session\\Store), Object(Closure))
#22 /Users/zeeshan/Herd/Companies/TSH/personal-assistant/backend/vendor/laravel/framework/src/Illuminate/Pipeline/Pipeline.php(209): Illuminate\\Session\\Middleware\\StartSession->handle(Object(Illuminate\\Http\\Request), Object(Closure))
#23 /Users/zeeshan/Herd/Companies/TSH/personal-assistant/backend/vendor/laravel/framework/src/Illuminate/Cookie/Middleware/AddQueuedCookiesToResponse.php(37): Illuminate\\Pipeline\\Pipeline->Illuminate\\Pipeline\\{closure}(Object(Illuminate\\Http\\Request))
#24 /Users/zeeshan/Herd/Companies/TSH/personal-assistant/backend/vendor/laravel/framework/src/Illuminate/Pipeline/Pipeline.php(209): Illuminate\\Cookie\\Middleware\\AddQueuedCookiesToResponse->handle(Object(Illuminate\\Http\\Request), Object(Closure))
#25 /Users/zeeshan/Herd/Companies/TSH/personal-assistant/backend/vendor/laravel/framework/src/Illuminate/Cookie/Middleware/EncryptCookies.php(75): Illuminate\\Pipeline\\Pipeline->Illuminate\\Pipeline\\{closure}(Object(Illuminate\\Http\\Request))
#26 /Users/zeeshan/Herd/Companies/TSH/personal-assistant/backend/vendor/laravel/framework/src/Illuminate/Pipeline/Pipeline.php(209): Illuminate\\Cookie\\Middleware\\EncryptCookies->handle(Object(Illuminate\\Http\\Request), Object(Closure))
#27 /Users/zeeshan/Herd/Companies/TSH/personal-assistant/backend/vendor/laravel/sanctum/src/Http/Middleware/EnsureFrontendRequestsAreStateful.php(61): Illuminate\\Pipeline\\Pipeline->Illuminate\\Pipeline\\{closure}(Object(Illuminate\\Http\\Request))
#28 /Users/zeeshan/Herd/Companies/TSH/personal-assistant/backend/vendor/laravel/framework/src/Illuminate/Pipeline/Pipeline.php(191): Laravel\\Sanctum\\Http\\Middleware\\EnsureFrontendRequestsAreStateful->Laravel\\Sanctum\\Http\\Middleware\\{closure}(Object(Illuminate\\Http\\Request), Object(Closure))
#29 /Users/zeeshan/Herd/Companies/TSH/personal-assistant/backend/vendor/laravel/framework/src/Illuminate/Pipeline/Pipeline.php(127): Illuminate\\Pipeline\\Pipeline->Illuminate\\Pipeline\\{closure}(Object(Illuminate\\Http\\Request))
#30 /Users/zeeshan/Herd/Companies/TSH/personal-assistant/backend/vendor/laravel/sanctum/src/Http/Middleware/EnsureFrontendRequestsAreStateful.php(25): Illuminate\\Pipeline\\Pipeline->then(Object(Closure))
#31 /Users/zeeshan/Herd/Companies/TSH/personal-assistant/backend/vendor/laravel/framework/src/Illuminate/Pipeline/Pipeline.php(209): Laravel\\Sanctum\\Http\\Middleware\\EnsureFrontendRequestsAreStateful->handle(Object(Illuminate\\Http\\Request), Object(Closure))
#32 /Users/zeeshan/Herd/Companies/TSH/personal-assistant/backend/vendor/laravel/framework/src/Illuminate/Pipeline/Pipeline.php(127): Illuminate\\Pipeline\\Pipeline->Illuminate\\Pipeline\\{closure}(Object(Illuminate\\Http\\Request))
#33 /Users/zeeshan/Herd/Companies/TSH/personal-assistant/backend/vendor/laravel/framework/src/Illuminate/Routing/Router.php(807): Illuminate\\Pipeline\\Pipeline->then(Object(Closure))
#34 /Users/zeeshan/Herd/Companies/TSH/personal-assistant/backend/vendor/laravel/framework/src/Illuminate/Routing/Router.php(786): Illuminate\\Routing\\Router->runRouteWithinStack(Object(Illuminate\\Routing\\Route), Object(Illuminate\\Http\\Request))
#35 /Users/zeeshan/Herd/Companies/TSH/personal-assistant/backend/vendor/laravel/framework/src/Illuminate/Routing/Router.php(750): Illuminate\\Routing\\Router->runRoute(Object(Illuminate\\Http\\Request), Object(Illuminate\\Routing\\Route))
#36 /Users/zeeshan/Herd/Companies/TSH/personal-assistant/backend/vendor/laravel/framework/src/Illuminate/Routing/Router.php(739): Illuminate\\Routing\\Router->dispatchToRoute(Object(Illuminate\\Http\\Request))
#37 /Users/zeeshan/Herd/Companies/TSH/personal-assistant/backend/vendor/laravel/framework/src/Illuminate/Foundation/Http/Kernel.php(201): Illuminate\\Routing\\Router->dispatch(Object(Illuminate\\Http\\Request))
#38 /Users/zeeshan/Herd/Companies/TSH/personal-assistant/backend/vendor/laravel/framework/src/Illuminate/Pipeline/Pipeline.php(170): Illuminate\\Foundation\\Http\\Kernel->Illuminate\\Foundation\\Http\\{closure}(Object(Illuminate\\Http\\Request))
#39 /Users/zeeshan/Herd/Companies/TSH/personal-assistant/backend/vendor/laravel/framework/src/Illuminate/Foundation/Http/Middleware/TransformsRequest.php(21): Illuminate\\Pipeline\\Pipeline->Illuminate\\Pipeline\\{closure}(Object(Illuminate\\Http\\Request))
#40 /Users/zeeshan/Herd/Companies/TSH/personal-assistant/backend/vendor/laravel/framework/src/Illuminate/Foundation/Http/Middleware/ConvertEmptyStringsToNull.php(31): Illuminate\\Foundation\\Http\\Middleware\\TransformsRequest->handle(Object(Illuminate\\Http\\Request), Object(Closure))
#41 /Users/zeeshan/Herd/Companies/TSH/personal-assistant/backend/vendor/laravel/framework/src/Illuminate/Pipeline/Pipeline.php(209): Illuminate\\Foundation\\Http\\Middleware\\ConvertEmptyStringsToNull->handle(Object(Illuminate\\Http\\Request), Object(Closure))
#42 /Users/zeeshan/Herd/Companies/TSH/personal-assistant/backend/vendor/laravel/framework/src/Illuminate/Foundation/Http/Middleware/TransformsRequest.php(21): Illuminate\\Pipeline\\Pipeline->Illuminate\\Pipeline\\{closure}(Object(Illuminate\\Http\\Request))
#43 /Users/zeeshan/Herd/Companies/TSH/personal-assistant/backend/vendor/laravel/framework/src/Illuminate/Foundation/Http/Middleware/TrimStrings.php(51): Illuminate\\Foundation\\Http\\Middleware\\TransformsRequest->handle(Object(Illuminate\\Http\\Request), Object(Closure))
#44 /Users/zeeshan/Herd/Companies/TSH/personal-assistant/backend/vendor/laravel/framework/src/Illuminate/Pipeline/Pipeline.php(209): Illuminate\\Foundation\\Http\\Middleware\\TrimStrings->handle(Object(Illuminate\\Http\\Request), Object(Closure))
#45 /Users/zeeshan/Herd/Companies/TSH/personal-assistant/backend/vendor/laravel/framework/src/Illuminate/Http/Middleware/ValidatePostSize.php(27): Illuminate\\Pipeline\\Pipeline->Illuminate\\Pipeline\\{closure}(Object(Illuminate\\Http\\Request))
#46 /Users/zeeshan/Herd/Companies/TSH/personal-assistant/backend/vendor/laravel/framework/src/Illuminate/Pipeline/Pipeline.php(209): Illuminate\\Http\\Middleware\\ValidatePostSize->handle(Object(Illuminate\\Http\\Request), Object(Closure))
#47 /Users/zeeshan/Herd/Companies/TSH/personal-assistant/backend/vendor/laravel/framework/src/Illuminate/Foundation/Http/Middleware/PreventRequestsDuringMaintenance.php(110): Illuminate\\Pipeline\\Pipeline->Illuminate\\Pipeline\\{closure}(Object(Illuminate\\Http\\Request))
#48 /Users/zeeshan/Herd/Companies/TSH/personal-assistant/backend/vendor/laravel/framework/src/Illuminate/Pipeline/Pipeline.php(209): Illuminate\\Foundation\\Http\\Middleware\\PreventRequestsDuringMaintenance->handle(Object(Illuminate\\Http\\Request), Object(Closure))
#49 /Users/zeeshan/Herd/Companies/TSH/personal-assistant/backend/vendor/laravel/framework/src/Illuminate/Http/Middleware/HandleCors.php(62): Illuminate\\Pipeline\\Pipeline->Illuminate\\Pipeline\\{closure}(Object(Illuminate\\Http\\Request))
#50 /Users/zeeshan/Herd/Companies/TSH/personal-assistant/backend/vendor/laravel/framework/src/Illuminate/Pipeline/Pipeline.php(209): Illuminate\\Http\\Middleware\\HandleCors->handle(Object(Illuminate\\Http\\Request), Object(Closure))
#51 /Users/zeeshan/Herd/Companies/TSH/personal-assistant/backend/vendor/laravel/framework/src/Illuminate/Http/Middleware/TrustProxies.php(58): Illuminate\\Pipeline\\Pipeline->Illuminate\\Pipeline\\{closure}(Object(Illuminate\\Http\\Request))
#52 /Users/zeeshan/Herd/Companies/TSH/personal-assistant/backend/vendor/laravel/framework/src/Illuminate/Pipeline/Pipeline.php(209): Illuminate\\Http\\Middleware\\TrustProxies->handle(Object(Illuminate\\Http\\Request), Object(Closure))
#53 /Users/zeeshan/Herd/Companies/TSH/personal-assistant/backend/vendor/laravel/framework/src/Illuminate/Foundation/Http/Middleware/InvokeDeferredCallbacks.php(22): Illuminate\\Pipeline\\Pipeline->Illuminate\\Pipeline\\{closure}(Object(Illuminate\\Http\\Request))
#54 /Users/zeeshan/Herd/Companies/TSH/personal-assistant/backend/vendor/laravel/framework/src/Illuminate/Pipeline/Pipeline.php(209): Illuminate\\Foundation\\Http\\Middleware\\InvokeDeferredCallbacks->handle(Object(Illuminate\\Http\\Request), Object(Closure))
#55 /Users/zeeshan/Herd/Companies/TSH/personal-assistant/backend/vendor/laravel/framework/src/Illuminate/Pipeline/Pipeline.php(127): Illuminate\\Pipeline\\Pipeline->Illuminate\\Pipeline\\{closure}(Object(Illuminate\\Http\\Request))
#56 /Users/zeeshan/Herd/Companies/TSH/personal-assistant/backend/vendor/laravel/framework/src/Illuminate/Foundation/Http/Kernel.php(176): Illuminate\\Pipeline\\Pipeline->then(Object(Closure))
#57 /Users/zeeshan/Herd/Companies/TSH/personal-assistant/backend/vendor/laravel/framework/src/Illuminate/Foundation/Http/Kernel.php(145): Illuminate\\Foundation\\Http\\Kernel->sendRequestThroughRouter(Object(Illuminate\\Http\\Request))
#58 /Users/zeeshan/Herd/Companies/TSH/personal-assistant/backend/public/index.php(17): Illuminate\\Foundation\\Http\\Kernel->handle(Object(Illuminate\\Http\\Request))
#59 /Users/zeeshan/Herd/Companies/TSH/personal-assistant/backend/vendor/laravel/framework/src/Illuminate/Foundation/resources/server.php(23): require_once('/Users/zeeshan/...')
#60 {main}
"} 
[2025-12-07 11:55:00] local.ERROR: Call to undefined method App\Http\Controllers\SplitExpenseController::transformExpense() {"userId":1,"exception":"[object] (Error(code: 0): Call to undefined method App\\Http\\Controllers\\SplitExpenseController::transformExpense() at /Users/zeeshan/Herd/Companies/TSH/personal-assistant/backend/app/Http/Controllers/SplitExpenseController.php:28)
[stacktrace]
#0 [internal function]: App\\Http\\Controllers\\SplitExpenseController->App\\Http\\Controllers\\{closure}(Object(App\\Models\\SplitExpense), 0)
#1 /Users/zeeshan/Herd/Companies/TSH/personal-assistant/backend/vendor/laravel/framework/src/Illuminate/Collections/Arr.php(609): array_map(Object(Closure), Array, Array)
#2 /Users/zeeshan/Herd/Companies/TSH/personal-assistant/backend/vendor/laravel/framework/src/Illuminate/Collections/Collection.php(799): Illuminate\\Support\\Arr::map(Array, Object(Closure))
#3 /Users/zeeshan/Herd/Companies/TSH/personal-assistant/backend/vendor/laravel/framework/src/Illuminate/Database/Eloquent/Collection.php(388): Illuminate\\Support\\Collection->map(Object(Closure))
#4 /Users/zeeshan/Herd/Companies/TSH/personal-assistant/backend/app/Http/Controllers/SplitExpenseController.php(27): Illuminate\\Database\\Eloquent\\Collection->map(Object(Closure))
#5 /Users/zeeshan/Herd/Companies/TSH/personal-assistant/backend/vendor/laravel/framework/src/Illuminate/Routing/ControllerDispatcher.php(47): App\\Http\\Controllers\\SplitExpenseController->index(Object(Illuminate\\Http\\Request), '1')
#6 /Users/zeeshan/Herd/Companies/TSH/personal-assistant/backend/vendor/laravel/framework/src/Illuminate/Routing/Route.php(266): Illuminate\\Routing\\ControllerDispatcher->dispatch(Object(Illuminate\\Routing\\Route), Object(App\\Http\\Controllers\\SplitExpenseController), 'index')
#7 /Users/zeeshan/Herd/Companies/TSH/personal-assistant/backend/vendor/laravel/framework/src/Illuminate/Routing/Route.php(212): Illuminate\\Routing\\Route->runController()
#8 /Users/zeeshan/Herd/Companies/TSH/personal-assistant/backend/vendor/laravel/framework/src/Illuminate/Routing/Router.php(808): Illuminate\\Routing\\Route->run()
#9 /Users/zeeshan/Herd/Companies/TSH/personal-assistant/backend/vendor/laravel/framework/src/Illuminate/Pipeline/Pipeline.php(170): Illuminate\\Routing\\Router->Illuminate\\Routing\\{closure}(Object(Illuminate\\Http\\Request))
#10 /Users/zeeshan/Herd/Companies/TSH/personal-assistant/backend/vendor/laravel/framework/src/Illuminate/Routing/Middleware/SubstituteBindings.php(51): Illuminate\\Pipeline\\Pipeline->Illuminate\\Pipeline\\{closure}(Object(Illuminate\\Http\\Request))
#11 /Users/zeeshan/Herd/Companies/TSH/personal-assistant/backend/vendor/laravel/framework/src/Illuminate/Pipeline/Pipeline.php(209): Illuminate\\Routing\\Middleware\\SubstituteBindings->handle(Object(Illuminate\\Http\\Request), Object(Closure))
#12 /Users/zeeshan/Herd/Companies/TSH/personal-assistant/backend/vendor/laravel/framework/src/Illuminate/Auth/Middleware/Authenticate.php(64): Illuminate\\Pipeline\\Pipeline->Illuminate\\Pipeline\\{closure}(Object(Illuminate\\Http\\Request))
#13 /Users/zeeshan/Herd/Companies/TSH/personal-assistant/backend/vendor/laravel/framework/src/Illuminate/Pipeline/Pipeline.php(209): Illuminate\\Auth\\Middleware\\Authenticate->handle(Object(Illuminate\\Http\\Request), Object(Closure), 'sanctum')
#14 /Users/zeeshan/Herd/Companies/TSH/personal-assistant/backend/vendor/laravel/sanctum/src/Http/Middleware/EnsureFrontendRequestsAreStateful.php(26): Illuminate\\Pipeline\\Pipeline->Illuminate\\Pipeline\\{closure}(Object(Illuminate\\Http\\Request))
#15 /Users/zeeshan/Herd/Companies/TSH/personal-assistant/backend/vendor/laravel/framework/src/Illuminate/Pipeline/Pipeline.php(170): Laravel\\Sanctum\\Http\\Middleware\\EnsureFrontendRequestsAreStateful->Laravel\\Sanctum\\Http\\Middleware\\{closure}(Object(Illuminate\\Http\\Request))
#16 /Users/zeeshan/Herd/Companies/TSH/personal-assistant/backend/vendor/laravel/sanctum/src/Http/Middleware/AuthenticateSession.php(43): Illuminate\\Pipeline\\Pipeline->Illuminate\\Pipeline\\{closure}(Object(Illuminate\\Http\\Request))
#17 /Users/zeeshan/Herd/Companies/TSH/personal-assistant/backend/vendor/laravel/framework/src/Illuminate/Pipeline/Pipeline.php(209): Laravel\\Sanctum\\Http\\Middleware\\AuthenticateSession->handle(Object(Illuminate\\Http\\Request), Object(Closure))
#18 /Users/zeeshan/Herd/Companies/TSH/personal-assistant/backend/vendor/laravel/framework/src/Illuminate/Foundation/Http/Middleware/VerifyCsrfToken.php(88): Illuminate\\Pipeline\\Pipeline->Illuminate\\Pipeline\\{closure}(Object(Illuminate\\Http\\Request))
#19 /Users/zeeshan/Herd/Companies/TSH/personal-assistant/backend/vendor/laravel/framework/src/Illuminate/Pipeline/Pipeline.php(209): Illuminate\\Foundation\\Http\\Middleware\\VerifyCsrfToken->handle(Object(Illuminate\\Http\\Request), Object(Closure))
#20 /Users/zeeshan/Herd/Companies/TSH/personal-assistant/backend/vendor/laravel/framework/src/Illuminate/Session/Middleware/StartSession.php(121): Illuminate\\Pipeline\\Pipeline->Illuminate\\Pipeline\\{closure}(Object(Illuminate\\Http\\Request))
#21 /Users/zeeshan/Herd/Companies/TSH/personal-assistant/backend/vendor/laravel/framework/src/Illuminate/Session/Middleware/StartSession.php(64): Illuminate\\Session\\Middleware\\StartSession->handleStatefulRequest(Object(Illuminate\\Http\\Request), Object(Illuminate\\Session\\Store), Object(Closure))
#22 /Users/zeeshan/Herd/Companies/TSH/personal-assistant/backend/vendor/laravel/framework/src/Illuminate/Pipeline/Pipeline.php(209): Illuminate\\Session\\Middleware\\StartSession->handle(Object(Illuminate\\Http\\Request), Object(Closure))
#23 /Users/zeeshan/Herd/Companies/TSH/personal-assistant/backend/vendor/laravel/framework/src/Illuminate/Cookie/Middleware/AddQueuedCookiesToResponse.php(37): Illuminate\\Pipeline\\Pipeline->Illuminate\\Pipeline\\{closure}(Object(Illuminate\\Http\\Request))
#24 /Users/zeeshan/Herd/Companies/TSH/personal-assistant/backend/vendor/laravel/framework/src/Illuminate/Pipeline/Pipeline.php(209): Illuminate\\Cookie\\Middleware\\AddQueuedCookiesToResponse->handle(Object(Illuminate\\Http\\Request), Object(Closure))
#25 /Users/zeeshan/Herd/Companies/TSH/personal-assistant/backend/vendor/laravel/framework/src/Illuminate/Cookie/Middleware/EncryptCookies.php(75): Illuminate\\Pipeline\\Pipeline->Illuminate\\Pipeline\\{closure}(Object(Illuminate\\Http\\Request))
#26 /Users/zeeshan/Herd/Companies/TSH/personal-assistant/backend/vendor/laravel/framework/src/Illuminate/Pipeline/Pipeline.php(209): Illuminate\\Cookie\\Middleware\\EncryptCookies->handle(Object(Illuminate\\Http\\Request), Object(Closure))
#27 /Users/zeeshan/Herd/Companies/TSH/personal-assistant/backend/vendor/laravel/sanctum/src/Http/Middleware/EnsureFrontendRequestsAreStateful.php(61): Illuminate\\Pipeline\\Pipeline->Illuminate\\Pipeline\\{closure}(Object(Illuminate\\Http\\Request))
#28 /Users/zeeshan/Herd/Companies/TSH/personal-assistant/backend/vendor/laravel/framework/src/Illuminate/Pipeline/Pipeline.php(191): Laravel\\Sanctum\\Http\\Middleware\\EnsureFrontendRequestsAreStateful->Laravel\\Sanctum\\Http\\Middleware\\{closure}(Object(Illuminate\\Http\\Request), Object(Closure))
#29 /Users/zeeshan/Herd/Companies/TSH/personal-assistant/backend/vendor/laravel/framework/src/Illuminate/Pipeline/Pipeline.php(127): Illuminate\\Pipeline\\Pipeline->Illuminate\\Pipeline\\{closure}(Object(Illuminate\\Http\\Request))
#30 /Users/zeeshan/Herd/Companies/TSH/personal-assistant/backend/vendor/laravel/sanctum/src/Http/Middleware/EnsureFrontendRequestsAreStateful.php(25): Illuminate\\Pipeline\\Pipeline->then(Object(Closure))
#31 /Users/zeeshan/Herd/Companies/TSH/personal-assistant/backend/vendor/laravel/framework/src/Illuminate/Pipeline/Pipeline.php(209): Laravel\\Sanctum\\Http\\Middleware\\EnsureFrontendRequestsAreStateful->handle(Object(Illuminate\\Http\\Request), Object(Closure))
#32 /Users/zeeshan/Herd/Companies/TSH/personal-assistant/backend/vendor/laravel/framework/src/Illuminate/Pipeline/Pipeline.php(127): Illuminate\\Pipeline\\Pipeline->Illuminate\\Pipeline\\{closure}(Object(Illuminate\\Http\\Request))
#33 /Users/zeeshan/Herd/Companies/TSH/personal-assistant/backend/vendor/laravel/framework/src/Illuminate/Routing/Router.php(807): Illuminate\\Pipeline\\Pipeline->then(Object(Closure))
#34 /Users/zeeshan/Herd/Companies/TSH/personal-assistant/backend/vendor/laravel/framework/src/Illuminate/Routing/Router.php(786): Illuminate\\Routing\\Router->runRouteWithinStack(Object(Illuminate\\Routing\\Route), Object(Illuminate\\Http\\Request))
#35 /Users/zeeshan/Herd/Companies/TSH/personal-assistant/backend/vendor/laravel/framework/src/Illuminate/Routing/Router.php(750): Illuminate\\Routing\\Router->runRoute(Object(Illuminate\\Http\\Request), Object(Illuminate\\Routing\\Route))
#36 /Users/zeeshan/Herd/Companies/TSH/personal-assistant/backend/vendor/laravel/framework/src/Illuminate/Routing/Router.php(739): Illuminate\\Routing\\Router->dispatchToRoute(Object(Illuminate\\Http\\Request))
#37 /Users/zeeshan/Herd/Companies/TSH/personal-assistant/backend/vendor/laravel/framework/src/Illuminate/Foundation/Http/Kernel.php(201): Illuminate\\Routing\\Router->dispatch(Object(Illuminate\\Http\\Request))
#38 /Users/zeeshan/Herd/Companies/TSH/personal-assistant/backend/vendor/laravel/framework/src/Illuminate/Pipeline/Pipeline.php(170): Illuminate\\Foundation\\Http\\Kernel->Illuminate\\Foundation\\Http\\{closure}(Object(Illuminate\\Http\\Request))
#39 /Users/zeeshan/Herd/Companies/TSH/personal-assistant/backend/vendor/laravel/framework/src/Illuminate/Foundation/Http/Middleware/TransformsRequest.php(21): Illuminate\\Pipeline\\Pipeline->Illuminate\\Pipeline\\{closure}(Object(Illuminate\\Http\\Request))
#40 /Users/zeeshan/Herd/Companies/TSH/personal-assistant/backend/vendor/laravel/framework/src/Illuminate/Foundation/Http/Middleware/ConvertEmptyStringsToNull.php(31): Illuminate\\Foundation\\Http\\Middleware\\TransformsRequest->handle(Object(Illuminate\\Http\\Request), Object(Closure))
#41 /Users/zeeshan/Herd/Companies/TSH/personal-assistant/backend/vendor/laravel/framework/src/Illuminate/Pipeline/Pipeline.php(209): Illuminate\\Foundation\\Http\\Middleware\\ConvertEmptyStringsToNull->handle(Object(Illuminate\\Http\\Request), Object(Closure))
#42 /Users/zeeshan/Herd/Companies/TSH/personal-assistant/backend/vendor/laravel/framework/src/Illuminate/Foundation/Http/Middleware/TransformsRequest.php(21): Illuminate\\Pipeline\\Pipeline->Illuminate\\Pipeline\\{closure}(Object(Illuminate\\Http\\Request))
#43 /Users/zeeshan/Herd/Companies/TSH/personal-assistant/backend/vendor/laravel/framework/src/Illuminate/Foundation/Http/Middleware/TrimStrings.php(51): Illuminate\\Foundation\\Http\\Middleware\\TransformsRequest->handle(Object(Illuminate\\Http\\Request), Object(Closure))
#44 /Users/zeeshan/Herd/Companies/TSH/personal-assistant/backend/vendor/laravel/framework/src/Illuminate/Pipeline/Pipeline.php(209): Illuminate\\Foundation\\Http\\Middleware\\TrimStrings->handle(Object(Illuminate\\Http\\Request), Object(Closure))
#45 /Users/zeeshan/Herd/Companies/TSH/personal-assistant/backend/vendor/laravel/framework/src/Illuminate/Http/Middleware/ValidatePostSize.php(27): Illuminate\\Pipeline\\Pipeline->Illuminate\\Pipeline\\{closure}(Object(Illuminate\\Http\\Request))
#46 /Users/zeeshan/Herd/Companies/TSH/personal-assistant/backend/vendor/laravel/framework/src/Illuminate/Pipeline/Pipeline.php(209): Illuminate\\Http\\Middleware\\ValidatePostSize->handle(Object(Illuminate\\Http\\Request), Object(Closure))
#47 /Users/zeeshan/Herd/Companies/TSH/personal-assistant/backend/vendor/laravel/framework/src/Illuminate/Foundation/Http/Middleware/PreventRequestsDuringMaintenance.php(110): Illuminate\\Pipeline\\Pipeline->Illuminate\\Pipeline\\{closure}(Object(Illuminate\\Http\\Request))
#48 /Users/zeeshan/Herd/Companies/TSH/personal-assistant/backend/vendor/laravel/framework/src/Illuminate/Pipeline/Pipeline.php(209): Illuminate\\Foundation\\Http\\Middleware\\PreventRequestsDuringMaintenance->handle(Object(Illuminate\\Http\\Request), Object(Closure))
#49 /Users/zeeshan/Herd/Companies/TSH/personal-assistant/backend/vendor/laravel/framework/src/Illuminate/Http/Middleware/HandleCors.php(62): Illuminate\\Pipeline\\Pipeline->Illuminate\\Pipeline\\{closure}(Object(Illuminate\\Http\\Request))
#50 /Users/zeeshan/Herd/Companies/TSH/personal-assistant/backend/vendor/laravel/framework/src/Illuminate/Pipeline/Pipeline.php(209): Illuminate\\Http\\Middleware\\HandleCors->handle(Object(Illuminate\\Http\\Request), Object(Closure))
#51 /Users/zeeshan/Herd/Companies/TSH/personal-assistant/backend/vendor/laravel/framework/src/Illuminate/Http/Middleware/TrustProxies.php(58): Illuminate\\Pipeline\\Pipeline->Illuminate\\Pipeline\\{closure}(Object(Illuminate\\Http\\Request))
#52 /Users/zeeshan/Herd/Companies/TSH/personal-assistant/backend/vendor/laravel/framework/src/Illuminate/Pipeline/Pipeline.php(209): Illuminate\\Http\\Middleware\\TrustProxies->handle(Object(Illuminate\\Http\\Request), Object(Closure))
#53 /Users/zeeshan/Herd/Companies/TSH/personal-assistant/backend/vendor/laravel/framework/src/Illuminate/Foundation/Http/Middleware/InvokeDeferredCallbacks.php(22): Illuminate\\Pipeline\\Pipeline->Illuminate\\Pipeline\\{closure}(Object(Illuminate\\Http\\Request))
#54 /Users/zeeshan/Herd/Companies/TSH/personal-assistant/backend/vendor/laravel/framework/src/Illuminate/Pipeline/Pipeline.php(209): Illuminate\\Foundation\\Http\\Middleware\\InvokeDeferredCallbacks->handle(Object(Illuminate\\Http\\Request), Object(Closure))
#55 /Users/zeeshan/Herd/Companies/TSH/personal-assistant/backend/vendor/laravel/framework/src/Illuminate/Pipeline/Pipeline.php(127): Illuminate\\Pipeline\\Pipeline->Illuminate\\Pipeline\\{closure}(Object(Illuminate\\Http\\Request))
#56 /Users/zeeshan/Herd/Companies/TSH/personal-assistant/backend/vendor/laravel/framework/src/Illuminate/Foundation/Http/Kernel.php(176): Illuminate\\Pipeline\\Pipeline->then(Object(Closure))
#57 /Users/zeeshan/Herd/Companies/TSH/personal-assistant/backend/vendor/laravel/framework/src/Illuminate/Foundation/Http/Kernel.php(145): Illuminate\\Foundation\\Http\\Kernel->sendRequestThroughRouter(Object(Illuminate\\Http\\Request))
#58 /Users/zeeshan/Herd/Companies/TSH/personal-assistant/backend/public/index.php(17): Illuminate\\Foundation\\Http\\Kernel->handle(Object(Illuminate\\Http\\Request))
#59 /Users/zeeshan/Herd/Companies/TSH/personal-assistant/backend/vendor/laravel/framework/src/Illuminate/Foundation/resources/server.php(23): require_once('/Users/zeeshan/...')
#60 {main}
"} 
[2025-12-07 13:54:18] local.ERROR: Call to undefined method App\Http\Controllers\GroupController::destroy() {"userId":1,"exception":"[object] (Error(code: 0): Call to undefined method App\\Http\\Controllers\\GroupController::destroy() at /Users/zeeshan/Herd/Companies/TSH/personal-assistant/backend/vendor/laravel/framework/src/Illuminate/Routing/ControllerDispatcher.php:47)
[stacktrace]
#0 /Users/zeeshan/Herd/Companies/TSH/personal-assistant/backend/vendor/laravel/framework/src/Illuminate/Routing/Route.php(266): Illuminate\\Routing\\ControllerDispatcher->dispatch(Object(Illuminate\\Routing\\Route), Object(App\\Http\\Controllers\\GroupController), 'destroy')
#1 /Users/zeeshan/Herd/Companies/TSH/personal-assistant/backend/vendor/laravel/framework/src/Illuminate/Routing/Route.php(212): Illuminate\\Routing\\Route->runController()
#2 /Users/zeeshan/Herd/Companies/TSH/personal-assistant/backend/vendor/laravel/framework/src/Illuminate/Routing/Router.php(808): Illuminate\\Routing\\Route->run()
#3 /Users/zeeshan/Herd/Companies/TSH/personal-assistant/backend/vendor/laravel/framework/src/Illuminate/Pipeline/Pipeline.php(170): Illuminate\\Routing\\Router->Illuminate\\Routing\\{closure}(Object(Illuminate\\Http\\Request))
#4 /Users/zeeshan/Herd/Companies/TSH/personal-assistant/backend/vendor/laravel/framework/src/Illuminate/Routing/Middleware/SubstituteBindings.php(51): Illuminate\\Pipeline\\Pipeline->Illuminate\\Pipeline\\{closure}(Object(Illuminate\\Http\\Request))
#5 /Users/zeeshan/Herd/Companies/TSH/personal-assistant/backend/vendor/laravel/framework/src/Illuminate/Pipeline/Pipeline.php(209): Illuminate\\Routing\\Middleware\\SubstituteBindings->handle(Object(Illuminate\\Http\\Request), Object(Closure))
#6 /Users/zeeshan/Herd/Companies/TSH/personal-assistant/backend/vendor/laravel/framework/src/Illuminate/Auth/Middleware/Authenticate.php(64): Illuminate\\Pipeline\\Pipeline->Illuminate\\Pipeline\\{closure}(Object(Illuminate\\Http\\Request))
#7 /Users/zeeshan/Herd/Companies/TSH/personal-assistant/backend/vendor/laravel/framework/src/Illuminate/Pipeline/Pipeline.php(209): Illuminate\\Auth\\Middleware\\Authenticate->handle(Object(Illuminate\\Http\\Request), Object(Closure), 'sanctum')
#8 /Users/zeeshan/Herd/Companies/TSH/personal-assistant/backend/vendor/laravel/sanctum/src/Http/Middleware/EnsureFrontendRequestsAreStateful.php(26): Illuminate\\Pipeline\\Pipeline->Illuminate\\Pipeline\\{closure}(Object(Illuminate\\Http\\Request))
#9 /Users/zeeshan/Herd/Companies/TSH/personal-assistant/backend/vendor/laravel/framework/src/Illuminate/Pipeline/Pipeline.php(170): Laravel\\Sanctum\\Http\\Middleware\\EnsureFrontendRequestsAreStateful->Laravel\\Sanctum\\Http\\Middleware\\{closure}(Object(Illuminate\\Http\\Request))
#10 /Users/zeeshan/Herd/Companies/TSH/personal-assistant/backend/vendor/laravel/framework/src/Illuminate/Pipeline/Pipeline.php(127): Illuminate\\Pipeline\\Pipeline->Illuminate\\Pipeline\\{closure}(Object(Illuminate\\Http\\Request))
#11 /Users/zeeshan/Herd/Companies/TSH/personal-assistant/backend/vendor/laravel/sanctum/src/Http/Middleware/EnsureFrontendRequestsAreStateful.php(25): Illuminate\\Pipeline\\Pipeline->then(Object(Closure))
#12 /Users/zeeshan/Herd/Companies/TSH/personal-assistant/backend/vendor/laravel/framework/src/Illuminate/Pipeline/Pipeline.php(209): Laravel\\Sanctum\\Http\\Middleware\\EnsureFrontendRequestsAreStateful->handle(Object(Illuminate\\Http\\Request), Object(Closure))
#13 /Users/zeeshan/Herd/Companies/TSH/personal-assistant/backend/vendor/laravel/framework/src/Illuminate/Pipeline/Pipeline.php(127): Illuminate\\Pipeline\\Pipeline->Illuminate\\Pipeline\\{closure}(Object(Illuminate\\Http\\Request))
#14 /Users/zeeshan/Herd/Companies/TSH/personal-assistant/backend/vendor/laravel/framework/src/Illuminate/Routing/Router.php(807): Illuminate\\Pipeline\\Pipeline->then(Object(Closure))
#15 /Users/zeeshan/Herd/Companies/TSH/personal-assistant/backend/vendor/laravel/framework/src/Illuminate/Routing/Router.php(786): Illuminate\\Routing\\Router->runRouteWithinStack(Object(Illuminate\\Routing\\Route), Object(Illuminate\\Http\\Request))
#16 /Users/zeeshan/Herd/Companies/TSH/personal-assistant/backend/vendor/laravel/framework/src/Illuminate/Routing/Router.php(750): Illuminate\\Routing\\Router->runRoute(Object(Illuminate\\Http\\Request), Object(Illuminate\\Routing\\Route))
#17 /Users/zeeshan/Herd/Companies/TSH/personal-assistant/backend/vendor/laravel/framework/src/Illuminate/Routing/Router.php(739): Illuminate\\Routing\\Router->dispatchToRoute(Object(Illuminate\\Http\\Request))
#18 /Users/zeeshan/Herd/Companies/TSH/personal-assistant/backend/vendor/laravel/framework/src/Illuminate/Foundation/Http/Kernel.php(201): Illuminate\\Routing\\Router->dispatch(Object(Illuminate\\Http\\Request))
#19 /Users/zeeshan/Herd/Companies/TSH/personal-assistant/backend/vendor/laravel/framework/src/Illuminate/Pipeline/Pipeline.php(170): Illuminate\\Foundation\\Http\\Kernel->Illuminate\\Foundation\\Http\\{closure}(Object(Illuminate\\Http\\Request))
#20 /Users/zeeshan/Herd/Companies/TSH/personal-assistant/backend/vendor/laravel/framework/src/Illuminate/Foundation/Http/Middleware/TransformsRequest.php(21): Illuminate\\Pipeline\\Pipeline->Illuminate\\Pipeline\\{closure}(Object(Illuminate\\Http\\Request))
#21 /Users/zeeshan/Herd/Companies/TSH/personal-assistant/backend/vendor/laravel/framework/src/Illuminate/Foundation/Http/Middleware/ConvertEmptyStringsToNull.php(31): Illuminate\\Foundation\\Http\\Middleware\\TransformsRequest->handle(Object(Illuminate\\Http\\Request), Object(Closure))
#22 /Users/zeeshan/Herd/Companies/TSH/personal-assistant/backend/vendor/laravel/framework/src/Illuminate/Pipeline/Pipeline.php(209): Illuminate\\Foundation\\Http\\Middleware\\ConvertEmptyStringsToNull->handle(Object(Illuminate\\Http\\Request), Object(Closure))
#23 /Users/zeeshan/Herd/Companies/TSH/personal-assistant/backend/vendor/laravel/framework/src/Illuminate/Foundation/Http/Middleware/TransformsRequest.php(21): Illuminate\\Pipeline\\Pipeline->Illuminate\\Pipeline\\{closure}(Object(Illuminate\\Http\\Request))
#24 /Users/zeeshan/Herd/Companies/TSH/personal-assistant/backend/vendor/laravel/framework/src/Illuminate/Foundation/Http/Middleware/TrimStrings.php(51): Illuminate\\Foundation\\Http\\Middleware\\TransformsRequest->handle(Object(Illuminate\\Http\\Request), Object(Closure))
#25 /Users/zeeshan/Herd/Companies/TSH/personal-assistant/backend/vendor/laravel/framework/src/Illuminate/Pipeline/Pipeline.php(209): Illuminate\\Foundation\\Http\\Middleware\\TrimStrings->handle(Object(Illuminate\\Http\\Request), Object(Closure))
#26 /Users/zeeshan/Herd/Companies/TSH/personal-assistant/backend/vendor/laravel/framework/src/Illuminate/Http/Middleware/ValidatePostSize.php(27): Illuminate\\Pipeline\\Pipeline->Illuminate\\Pipeline\\{closure}(Object(Illuminate\\Http\\Request))
#27 /Users/zeeshan/Herd/Companies/TSH/personal-assistant/backend/vendor/laravel/framework/src/Illuminate/Pipeline/Pipeline.php(209): Illuminate\\Http\\Middleware\\ValidatePostSize->handle(Object(Illuminate\\Http\\Request), Object(Closure))
#28 /Users/zeeshan/Herd/Companies/TSH/personal-assistant/backend/vendor/laravel/framework/src/Illuminate/Foundation/Http/Middleware/PreventRequestsDuringMaintenance.php(110): Illuminate\\Pipeline\\Pipeline->Illuminate\\Pipeline\\{closure}(Object(Illuminate\\Http\\Request))
#29 /Users/zeeshan/Herd/Companies/TSH/personal-assistant/backend/vendor/laravel/framework/src/Illuminate/Pipeline/Pipeline.php(209): Illuminate\\Foundation\\Http\\Middleware\\PreventRequestsDuringMaintenance->handle(Object(Illuminate\\Http\\Request), Object(Closure))
#30 /Users/zeeshan/Herd/Companies/TSH/personal-assistant/backend/vendor/laravel/framework/src/Illuminate/Http/Middleware/HandleCors.php(62): Illuminate\\Pipeline\\Pipeline->Illuminate\\Pipeline\\{closure}(Object(Illuminate\\Http\\Request))
#31 /Users/zeeshan/Herd/Companies/TSH/personal-assistant/backend/vendor/laravel/framework/src/Illuminate/Pipeline/Pipeline.php(209): Illuminate\\Http\\Middleware\\HandleCors->handle(Object(Illuminate\\Http\\Request), Object(Closure))
#32 /Users/zeeshan/Herd/Companies/TSH/personal-assistant/backend/vendor/laravel/framework/src/Illuminate/Http/Middleware/TrustProxies.php(58): Illuminate\\Pipeline\\Pipeline->Illuminate\\Pipeline\\{closure}(Object(Illuminate\\Http\\Request))
#33 /Users/zeeshan/Herd/Companies/TSH/personal-assistant/backend/vendor/laravel/framework/src/Illuminate/Pipeline/Pipeline.php(209): Illuminate\\Http\\Middleware\\TrustProxies->handle(Object(Illuminate\\Http\\Request), Object(Closure))
#34 /Users/zeeshan/Herd/Companies/TSH/personal-assistant/backend/vendor/laravel/framework/src/Illuminate/Foundation/Http/Middleware/InvokeDeferredCallbacks.php(22): Illuminate\\Pipeline\\Pipeline->Illuminate\\Pipeline\\{closure}(Object(Illuminate\\Http\\Request))
#35 /Users/zeeshan/Herd/Companies/TSH/personal-assistant/backend/vendor/laravel/framework/src/Illuminate/Pipeline/Pipeline.php(209): Illuminate\\Foundation\\Http\\Middleware\\InvokeDeferredCallbacks->handle(Object(Illuminate\\Http\\Request), Object(Closure))
#36 /Users/zeeshan/Herd/Companies/TSH/personal-assistant/backend/vendor/laravel/framework/src/Illuminate/Pipeline/Pipeline.php(127): Illuminate\\Pipeline\\Pipeline->Illuminate\\Pipeline\\{closure}(Object(Illuminate\\Http\\Request))
#37 /Users/zeeshan/Herd/Companies/TSH/personal-assistant/backend/vendor/laravel/framework/src/Illuminate/Foundation/Http/Kernel.php(176): Illuminate\\Pipeline\\Pipeline->then(Object(Closure))
#38 /Users/zeeshan/Herd/Companies/TSH/personal-assistant/backend/vendor/laravel/framework/src/Illuminate/Foundation/Http/Kernel.php(145): Illuminate\\Foundation\\Http\\Kernel->sendRequestThroughRouter(Object(Illuminate\\Http\\Request))
#39 /Users/zeeshan/Herd/Companies/TSH/personal-assistant/backend/public/index.php(17): Illuminate\\Foundation\\Http\\Kernel->handle(Object(Illuminate\\Http\\Request))
#40 /Users/zeeshan/Herd/Companies/TSH/personal-assistant/backend/vendor/laravel/framework/src/Illuminate/Foundation/resources/server.php(23): require_once('/Users/zeeshan/...')
#41 {main}
"} 
